verse_id	score	unmatched_tedim	unmatched_kjv
02040011	0.000	base,devote,fat,kisilna,mother,trough/box	anoint,foot,laver,sanctify
03005005	0.000	declare,hihte,kingdom,pl.poss,sin,whatsoever	confess,guilty,one,sinned,thing,things
03011035	0.000	2pl.pro,abominate,break,day,die,flat,if.so,meibung,pan,push,tear,tuate,what/like,whosoever	broken,carcase,falleth,oven,part,pots,ranges,thing,unclean,whereupon,whether
04015012	0.000	amount,animal,bless,follow,fully,give.to,make	according,number,one,prepare
04035024	0.000	(flock,big),divide,edge,father,follow,gate,hot.heart,kill,know,nmlz.ag.poss,person	according,blood,congregation,judge,judgments,revenger,slayer
07020008	0.000	1pl.incl,1pl.pro,cloth,cover,great,mankind,pai,return	arose,house,man,neither,one,people,saying,tent,turn
15006002	0.000	abomination,ah,babylon,below,circumcision,city,ekbatana,king,land,media,middle,place,town	achmetha,found,medes,palace,province,record,roll,therein,written
16009033	0.000	(land,1pl.pro,arrive,early,err,moon,say,story,strike),true,word	brought,howbeit,right,wickedly
18004006	0.000	comfort,example,give,live,perfect,south,speak,worship	confidence,fear,hope,uprightness,ways
18005006	0.000	be.born,buy,leilak,short,sorrow,suffer	affliction,although,dust,forth,ground,neither,spring,trouble
18015026	0.000	big,pasian,reason,rebellious,round,say.nom,strong,true,what/like,witness	bosses,bucklers,neck,runneth,thick
18015031	0.000	get,have,only,plant,wickedness	deceived,recompence,trust,vanity
18018011	0.000	branch,lauhuaina,lineage,pursue	afraid,drive,feet,make,side,terrors
18020026	0.000	bad,burn,denounce,flaming,household,human.poss,neg.nom,past	blown,consume,darkness,fire,hid,ill,left,places,secret,tabernacle
18022015	0.000	have.nmlz,kingdom,migilote,think	marked,men,old,trodden,way,wicked
18030021	0.000	2→1,evil,fear/respect,gilo,know.ii,make	against,become,cruel,hand,opposest,strong,thyself
18030029	0.000	(refl,bird,desolate,field,flesh,group),owl,type,walk.with	brother,companion,dragons,owls
18031033	0.000	1sg.self,declare,exp,hide,midangte,self,sin,sins,tight	adam,bosom,covered,hiding,iniquity,transgressions
18036008	0.000	bind,early,iron,kingdom,people,pl.if,root,suffer	affliction,bound,cords,fetters,holden
18037008	0.000	bow.down,bundle,exp,gamsate,overcome,pinch,who	beasts,dens,places,remain
18040014	0.000	able,be,do,father,first,otherwise,remember,row,word,worthy	confess,hand,own,right,save
18040016	0.000	already,body,fear,fiber,flesh,inst,quantity,spirit,strong,what	belly,force,loins,navel,strength
19018022	0.000	follow,go.and,keep,know,laws,reason,say.nom,truly,what/like,word,worship	judgments,put,statutes
19036010	0.000	and.then,firm,fruit,love,mind,salvation,son,take.hold,word	continue,heart,know,lovingkindness,righteousness,upright
19069020	0.000	child,grace,help,mind,nobody,oppress,see.i,seek,simmawhna,south	broken,comforters,found,full,heart,heaviness,looked,pity,reproach,take
19086007	0.000	1sg→3,2sg.self,difficult,get/receive,pray,time	answer,call,day,trouble
19090009	0.000	anger,at.poss,breath,end/finish,live,reason,say.nom,time,what/like	days,passed,spend,tale,told,wrath,years
19096006	0.000	face,goodness,great,holy,pahtawina,place,strong	beauty,honour,majesty,sanctuary,strength
19099004	0.000	imm,israel,kumpipa,phut,serve,story,te,thutang,true.word,vanglian,voice,want,word	dost,equity,establish,executest,jacob,judgment,king,loveth,righteousness,strength
19107005	0.000	die,gilkial,other,true	fainted,hungry,soul,thirsty
19119168	0.000	firm,follow,kingdom,know,see.i,teaching,well	kept,precepts,testimonies,ways
19122007	0.000	child,confidence,desire,encircle,enemy,pl.poss,possession,pray,quot,say,spread,take,tower,town	palaces,peace,prosperity,walls
20005003	0.000	cover,eat,harlot,locust,nfin,numei,pl.poss,sayings,speak,suddenly,word	drop,honeycomb,lips,mouth,oil,smoother,strange,woman
20005010	0.000	basket,get,khualmite,others,possession,take,work	filled,house,labours,lest,stranger,strangers,wealth
20006017	0.000	die,do,sinner,speak,vain,word	blood,hands,innocent,look,lying,proud,shed,tongue
20009007	0.000	(face,bow),enemies,mihaite,offend,teach,touch	blot,getteth,himself,man,rebuketh,reproveth,scorner,shame,wicked
20014007	0.000	3pl.pro.poss,begin/side,get,learning,mihaite,walk.with	foolish,knowledge,lips,man,perceivest,presence
20020007	0.000	be.good,full,genealogy,live,truly,worthy	blessed,children,integrity,man,walketh
20020025	0.000	be,first,give.to,if,live,neg.perf,pasian,promise,self,think,turn,well	devoureth,enquiry,holy,make,man,snare,vows
20023014	0.000	ciangduai,cond,live,more,neg.abil,strike	beat,deliver,hell,rod,soul
20024006	0.000	able,enemies,geel,obtain,skilled,think,transgress	counsel,counsellors,make,multitude,safety,war,wise
20025017	0.000	easy,excessive,guard,neg.perf,pierce,pl.poss,place,really,see,wound	foot,hate,house,lest,neighbour,weary,withdraw
20026004	0.000	(word,ask),cup,get/receive,mihaite,offend	according,answer,folly,fool,lest,like
21008011	0.000	be.given,faint,flesh,immediately,mankind,past,sin	against,evil,executed,fully,heart,men,sentence,set,sons,speedily,work
22006007	0.000	cloth,cluster,cover,head,labor,rely,vine	locks,piece,pomegranate,temples
23002018	0.000	imm,milimte,spread	abolish,idols,utterly
23032016	0.000	land,place,serve,story,word	dwell,field,fruitful,judgment,remain,righteousness,wilderness
24014006	0.000	breath,donkey,gam,jackal,lopa,nose,nothing,on.mountaintop	asses,dragons,eyes,fail,grass,high,like,places,snuffed,stand,wild,wind
24048006	0.000	2pl.prosp.imp,check,land,land.midst,rebuke,redeem,say,sehnel,song,tai	flee,heath,like,lives,save,wilderness
25003005	0.000	cover,eloquence,grief,heart,prison,push	against,builded,compassed,gall,travail
26016025	0.000	be.given,body,day,declaration,every,face,generation,good,pan/bowl,see.ii,serve	abhorred,beauty,built,feet,head,high,made,multiplied,one,opened,passed,place,way,whoredoms
26048017	0.000	become,four.hundred,go,grandmother,khuapi,open,place,round,thing,twenty	city,east,fifty,hundred,north,south,suburbs,toward,two,west
33007002	0.000	companions,die,end/finish,every,leitungah,mihoihteng,move,nobody,only,pasian,pursue,righteous,slay,think,true.word,until	blood,brother,earth,good,hunt,lie,man,men,net,perished,upright,wait
36003009	0.000	1sg.self,mind,mock,nation,one.heart,pl.poss,pray,sem,sleep,word	call,consent,language,lord,name,one,people,pure,serve,turn
37001008	0.000	2→1,cond,dir,family,know.i,now,on.mountaintop,peace,pl.loc,shake,staff,temple,tree,worship,worship/serve,worthy	bring,build,glorified,house,lord,mountain,pleasure,take,wood
38001003	0.000	1sg→3,2pl.pro,cond,go,now,return	hosts,lord,say,turn
38008006	0.000	2pl.pro,bind,know.i,present,sin,word	days,eyes,hosts,lord,marvellous,people,remnant
40021045	0.000	be,big,farisi,meaning,measure,people,preach,remember,siampi,speak,spread/proclaim,way	chief,heard,parables,perceived,pharisees,priests,spake
40022009	0.000	big,fear/respect,go.and,open,pai,road,say,see	bid,find,highways,many,marriage
40022012	0.000	able,bride,cloth,clothe,feast,how,know.i,man,midst,pawi,purp,say.nom,voice,worthy	camest,friend,garment,having,hither,speechless,wedding
41004010	0.000	back,disciple,emerge,hear,measure,mihonpite,people,pray,preach,protect.poss,quot,say,speak,speech,ten,two	about,alone,asked,parable,twelve
42012050	0.000	finish,gimna,immerse,know.i,mind,purp,until,want,word	accomplished,baptism,baptized,straitened,till
42021013	0.000	2pl.pro,eloquence,good,lungdamna,purp,thu,time	testimony,turn
42021018	0.000	instr,own,spread,throw	hair,head,perish
43005033	0.000	2pl.pro,johan,send,speak,true.word,until,word	bare,john,sent,truth,witness
43007013	0.000	(elder.sibling,christ,dare,dread,great),height,jerusalem,jesuh,jew,nobody,speak,town,word	fear,howbeit,jews,man,openly,spake
43010002	0.000	1sg→3,climb,father,grandchild,if,loaf,man,steal,throw	door,entereth,sheep,shepherd
45004023	0.000	3sg.poss,believe,good,high,quot,say,scripture,sleep	alone,imputed,sake,written
46015040	0.000	body,earth,good,swell,vantung	another,bodies,celestial,glory,one,terrestrial
47008020	0.000	2pl.prosp.imp,account,be.given,citna,concern,extinguish,god,help,neg.nom,purp.erg	abundance,administered,avoiding,blame,man
47009005	0.000	(mouth,2pl.pro,able,already,arrive,be,blow,brothers,call,flesh,give,give.to,go,height,if,man,mind,money,neg.nom,own,promise),purp.erg,say.nom,will/want	beforehand,bounty,brethren,covetousness,exhort,make,matter,necessary,notice,ready,same,thought,whereof
48002005	0.000	2pl.pro,3pl.pro.poss,become,desire,fear,firm,follow,great,know.ii,lacking,lungdamna,purp.erg,trouble,true.word	continue,gave,gospel,hour,place,subjection,truth
49004022	0.000	birth,day,destroy,exp,go.out,leave,live,mind,other,zuauna	according,concerning,conversation,corrupt,deceitful,former,lusts,man,old,put
51002021	0.000	follow,have,lawng,promise,say,tear	handle,taste,touch
51003013	0.000	(refl,2pl.pro,among,appear,appearance,contentment,despise),each,help,no,pl.poss,sin,topa	against,another,christ,forbearing,forgave,forgiving,man,one,quarrel
57001013	0.000	2sg.self,help,lungdamna,prison,take.hold,thu,want	bonds,gospel,ministered,retained,stead
58011002	0.000	believe,have,pasian,people,share,sin,stay,tanglai	elders,good,obtained,report
60005007	0.000	2pl.pro,arrive,guard,pasian,tribulation	care,careth,casting
66018014	0.000	again,basket,city,deihin,desire,end/finish,get,heart,make,money,redup,riches,say,self,shame	dainty,departed,find,fruits,goodly,lusted,soul,things
19129005	0.056	(face,1sg→3,3pl.poss,be/become,bow),cut,embrace,equal,farmer,father,flourish,gather,generation,give,good,hand,live,name,neg.nom,people,say.nom,see,seq,sheaf,side,spread,together,topa,trouble,word	back,confounded,hate,turned
23014029	0.056	2pl.pro,assign,bad,die,dist,dragon,evil,filistia,joy,know.i,line,more,quarrel,reason,say.nom,seq,striking,viper,voice,what/like,white	broken,cockatrice,come,fiery,flying,forth,fruit,palestina,rejoice,rod,serpent,smote,whole
25001004	0.062	ah,biakinnpi,city,day,holy,jerusalem,khua,midst,ni,nobody,pai,pasian,pillar,road.big,signal,suffer,women,worship	afflicted,bitterness,come,desolate,feasts,gates,mourn,sigh,solemn,virgins,ways,zion
23030028	0.065	3pl.pro.poss,carry,check,counsel,destroy,face,forward,great,make,other,revive,touch,water,wick,wind	breath,bridle,causing,err,jaws,midst,neck,overflowing,people,reach,sieve,sift,stream,vanity
23059019	0.067	abhor,always,birthday,gate,generation,great,honor,later,pai,reason,say.nom,sea,what/like,wind	against,come,enemy,fear,flood,lift,like,lord,name,rising,spirit,standard,sun,west
26016019	0.067	(worship,1sg→3,dist,eat.ii,face,fat,good,idol,locust,meal,nmlz),olive,promise,purp.erg,seek,use	fed,fine,flour,god,honey,lord,meat,oil,savour,set,sweet,wherewith
16009037	0.069	1pl.pro,1pl.pro.poss,2→1,animals,be,be.born,child,earth,have,now,put,say,sin,sorrow,want,will/want,word	bodies,cattle,distress,dominion,great,increase,pleasure,set,sins,yieldeth
66014020	0.069	carry,check,deep,five,flow,grandmother,inst,khuapi,night,outside,piece,thing,thresh,water,what,what/like	bridles,came,city,furlongs,horse,hundred,six,space,thousand,trodden,winepress
26009001	0.074	bad,cry.out,each,mankind,no,open,pai,pasian,quot,say,tree,use	cause,charge,cried,destroying,draw,ears,hand,loud,man,near,saying,voice,weapon
19109016	0.077	boundary,break,die,evil,hatred,lack,lamp,make,many,mind,oppress,reason,say.nom,think,what/like	broken,heart,mercy,needy,persecuted,poor,remembered,shew,slay
22005014	0.077	(root,body,care,ephod,flesh,great,hope,preciou,redup,rice),same,spray,still,tooth,wait	belly,beryl,bright,gold,ivory,overlaid,rings,sapphires,set
45015014	0.077	1sg→3,2pl.pro,be,believe,brothers,each,how,kingdom,preach,righteous,say.nom,thu,trust,voice	able,admonish,another,brethren,filled,full,goodness,myself,one,persuaded
16004001	0.080	1pl.pro.poss,anger/favor,announce,gather,grapes,jew,long,peace,people,spread/proclaim,steal,word	builded,came,great,heard,indignation,jews,mocked,pass,took,wall,wroth
30004006	0.080	1sg.self,2pl.pro,2→1,but/however.erg,city,cut,dir,eat.ii,have,hunger,lift.up,mock,pl.loc,put,say	bread,cities,cleanness,given,places,returned,teeth,want
43012034	0.080	conversation,forever,hanging,life,mihing,poor.people,quot,say,say.nom,tapa,thukham,what/like,who	abideth,answered,ever,heard,law,lifted,man,people,sayest,son
03026021	0.083	1sg.self,1sg→3,blame,fear/respect,lift.up,midst,no,pl.if,pl.poss,sick,sin,suffer,think/love,word	according,bring,contrary,hearken,plagues,sins,times,walk
26024011	0.083	be,bear,carry,day,do,fire,holy,if,prevail,stone,together,until	brass,burn,coals,empty,filthiness,hot,molten,scum,set,thereof
27011031	0.083	count,day,great.temple,lipkhaphuai,offerings,rest,soldiers,some,stone,village	abomination,arms,daily,desolate,maketh,part,place,pollute,sacrifice,sanctuary,stand,take
28007014	0.083	an,blow,gentile,grape.juice,heathen,laugh,mind,people,pray,request,send.away,truly,what/like	against,assemble,beds,corn,cried,heart,howled,themselves,wine
40004013	0.083	again,basket,become,edge,galilee,go.and,go.out,kapernaum,land,naftali,town,tuili,zebulun	borders,came,capernaum,coast,dwelt,leaving,nephthalim,sea,zabulon
48005001	0.083	1pl.pro,after,become,bind,go.and,keep,move,out,past,redeem,servant,this.be,word	bondage,entangled,fast,free,liberty,made,stand,wherewith,yoke
04009021	0.087	appear,basket,begin,break,early,out,present,set,sick,sun,time,until,up,zingsangin	abode,day,journeyed,morning,night,taken,whether
20025008	0.087	2sg.pro.poss,arrive,bow,clear,guard,help,judgment,sin,take,thu,what/like,whosoever	end,forth,hastily,lest,neighbour,put,shame,strive,thereof
23050008	0.087	(word,1sg.self,able,bow,depart,family,near/small,on.one.side,out,pasian,side,thukhen,true),want,who	adversary,come,contend,justifieth,stand,together
24048027	0.087	at,count,destroyer,flesh,gladly,head,laugh,moab,people,red.gen,speak,trust,voice,word	derision,found,joy,since,skippedst,spakest,thieves
43001015	0.087	1sg.self,but/however.erg,cry.out,father,great,imm,johan,live,more,pai,quot,say,self,speak,suah	bare,cried,john,preferred,spake,witness
45007008	0.087	able.ii,cause.birth,flesh,have.ii,jealousy,know.i,nothing,peace,purp,sem,thukham,true,various	commandment,concupiscence,dead,law,manner,occasion,taking,wrought
51002016	0.087	concern,day,eat.ii,fetch,hang,khadet,know,make,nobody,pawi,water,worship	days,drink,holyday,judge,man,meat,moon,new,respect
14023019	0.091	(surround,big,city.gates,day,every,faithful,neg.nom,purp.erg,put,road,side),temple,whatsoever	enter,gates,house,porters,set,thing,unclean
19038016	0.091	1sg.self,afflict,cause,faint,joy,only,proud,reason,say.nom,three,what/like	against,hear,lest,magnify,otherwise,rejoice,said,slippeth,themselves
23030020	0.091	(guilty,2pl.pro,arrive,nmlz),say,see.i,self,suffer,tell	adversity,affliction,bread,corner,eyes,give,removed,see,teachers,though,water
42014032	0.091	alone,arrive,do,king,messenger,midst,prepare,prevail,purp,speak,wilderness,word	ambassage,conditions,desireth,else,great,other,peace,way
51004006	0.091	(greet,appl),be,have,hear,if,kam,pau,person/rel.poss,pleasant,vow,want,word	alway,answer,grace,know,salt,seasoned,speech
58009006	0.091	back,be.made,carry.back,count,day,dwell,say,sem,seq,what/like,work	accomplishing,always,first,god,ordained,service,tabernacle,things,went
02036015	0.095	cloth,clothes,each,five,foreigner,forty,grandmother,nation,six,ten	breadth,cubits,curtain,curtains,eleven,four,one,size,thirty
05022009	0.095	3pl.poss,arise,be.born,day,grapevine,kiss,pl.loc,tend,two,vawh,wither	defiled,divers,fruit,lest,seed,seeds,sown,vineyard
02025019	0.100	hehpihna,hem,kherub,meet,mong,on.one.side,throne,unite	cherub,cherubims,end,ends,mercy,one,other,seat,thereof,two
14010011	0.100	1sg→3,2pl.pro,burden/load,grow,have,hope,now,redeem,say,teach	chastise,chastised,heavy,put,scorpions,whereas,whips,yoke
14015005	0.100	(nmlz,confidence,confuse,journey,land,midst,people,pl.loc,rest,serve),up	came,countries,great,inhabitants,peace,vexations,went
20007007	0.100	among,flock,know.i,near,nothing,remember,see,sign,still,word	beheld,discerned,man,ones,simple,understanding,void,youths
41001031	0.100	able,clear,dir,disease,good,mother,net,pai,reveal,throw,zin	came,fever,immediately,left,lifted,ministered,took
41004028	0.100	collect,dimin,leitang,measure,raise.up,truly,trunk,word,young	blade,bringeth,corn,ear,earth,forth,fruit,full,herself
46015029	0.100	(alive/kind,desire,embed,if,immerse,iter),misite,people,people.poss,pl.poss,trouble,unclean,water,what/like,word	baptized,else,rise
54003016	0.103	1pl.incl,be.nom,carry.on.back,deep.word,finish,heaven,height,holy,inst,know.i,mihing,people,place,see.i,sign,strong,teach,woman,word,worship	angels,believed,controversy,flesh,gentiles,glory,god,godliness,justified,manifest,mystery,preached,received,seen,world
19010015	0.105	and.then,destruction,faint,giloin,give,hand,make,makers.poss,trample	arm,evil,find,man,seek,till,wicked,wickedness
20026023	0.105	bekah,lazy.person,overlaid,pierce,same,speak,straight,tungtham,word	burning,dross,heart,like,lips,potsherd,silver,wicked
23009005	0.105	alike,cloth,die,galkap,pl.poss,reason,say,shoe	battle,blood,burning,confused,fuel,garments,noise,rolled,warrior
33005013	0.105	bad,idols,make,no,note,past,pl.poss,tall,trample,worship/serve	cut,graven,hands,images,midst,standing,work
46010023	0.105	able,be,be.ii,cause.birth,detained,do,every,good,others.poss,purp,say,thi,will/want,worthy	edify,expedient,lawful
23037025	0.107	(heart,(think/love,ancient,arrive,bad,basket,before,begin,beneath,break/untie),city,day,dig,dir,egypt,end/finish,everlast,exp,fall),farmer,farmers,foot,grow,hear,herb,middle,near,now,people,perhaps,ruin,sawt,say,self,shoot,soldiers.poss,strength,tent.cover,truly,trust,tuikhuk,up,use,word	besieged,digged,dried,drunk,feet,sole
23066012	0.108	2pl.pro,be/become,bend/pool,birth,butter,carry.on.back,child,foreskin,lift.up,mother.poss,nation,now,out,pl.poss,rejoice,restore,return,riches,say,water,what/like	borne,dandled,extend,flowing,gentiles,glory,knees,like,peace,sides,stream,suck
26044007	0.108	(word,(worship,1sg.self,2→1,bad,die,fall,fly,give.to,kingdom,nmlz),other.land,people,promise),rich,skin,strengthen,strike,temple,word	blood,bread,broken,brought,covenant,fat,heart,house,offer,pollute,sanctuary,strangers,uncircumcised
62002027	0.108	2pl.pro,already,at,call,finish,follow,give,have,holy,keep,kha,khrih,middle,nobody,really,reason,say.nom,siangtho,tell,thing,vain,what/like	abide,abideth,anointing,lie,man,need,received,same,taught,teacheth,truth
03013017	0.111	around,disease,holy,nmlz.ag,pillar,quot,say,sick,speak,suah	clean,plague,pronounce,see,turned,white
04003034	0.111	arrive,husband,neg.perf,night,time,whosoever	according,hundred,males,month,number,numbered,old,six,two,upward
18030031	0.111	child,fight,gladness,hear,nidangin,now,only,past,place,take,three	harp,mourning,organ,turned,weep
19136011	0.111	amau,begin/side,father,firm,forever,land,love,reason,say.nom,send.forth,te,what/like	brought,endureth,ever,mercy
19137008	0.111	1pl.pro.poss,2→1,child,deep,get,gladness,make,misusia,person,spread,voice	daughter,destroyed,happy,rewardeth,served
27010015	0.111	buy,know.i,look,make.become,nothing,pau,perhaps,speak	became,dumb,face,ground,set,spoken,such,toward
33002010	0.111	2pl.pro,christ,dread,go.out,midst,now,place,receive,sin,want	arise,depart,destroy,polluted,rest,sore
41012011	0.111	1pl.incl,count,exp,flesh,holy,make,midst,other.way,quot,say,scripture,see,word	doing,eyes,marvellous
42018030	0.111	elder.sibling,eternity,fear/respect,get,live,many,nobody,say,sit	come,everlasting,life,manifold,present,receive,world
42003008	0.114	1pl.incl,1sg→3,2pl.pro,be,change,descendant,descendants,each,genealogy,know.i,make,own,purp.erg,roar,say.ii,send.away,strengthen,turning	able,begin,bring,children,father,forth,fruits,raise,repentance,say,stones,worthy,yourselves
01026027	0.115	(word,1pl.pro,1pl.pro.poss,1sg→3,2pl.pro,2sg.pro.poss,2→1,3pl.pro.poss,be.good,covenant,day,destruction,drive.out,each,extract,gate,give.to,good,heart,make,neg.emph.poss,neg.nom,no,nothing,now,pl.fut,pl.poss,place,pleased,promise),purp.erg,really,see.i,send,send.away,spread,take,topa,touch,what,what/like,word,wound	come,seeing,sent
04010004	0.118	2sg.self,chief,nation,only,pillow,pl.poss,together	blow,gather,heads,one,princes,themselves,thousands,trumpet
18029008	0.118	elder,fear,hear,hide,self,sleep,void,youth	aged,arose,hid,men,stood,themselves,young
19135017	0.118	amaute,but/however,ear,have,know.i,knowledge,nose,rest,town,up,word	breath,ears,mouths,neither
26007016	0.118	3pl.pro.poss,die,fear,sin,some,sow,still/yet,vakhu	doves,escape,iniquity,like,mourning,one,valleys
26034021	0.118	2pl.pro,among,die,flock/swarm,out,say,well	abroad,diseased,horns,pushed,scattered,shoulder,side,till
40023025	0.118	2pl.pro,dist,farisi,force,hard,holy,mihoih,no,people,person.gen,possess.all,sia,strength,suffer,tell,terror,thukham,trough,well,word	clean,excess,extortion,full,hypocrites,make,pharisees,platter,scribes,woe
41002022	0.118	at.all,believe,carry,evil,exp,fur,get/receive,grape.juice,hold,meat,meet,nobody,press,purp.erg,quot,say,tell,thun,two,use,wither	bottles,burst,else,man,marred,old,putteth,spilled,wine
41015006	0.118	choke,count,every,know,paisan,pawi,people,pilat,request,time	desired,feast,one,released,whomsoever
46012030	0.118	big,emerge,have,know.i,other.way,other.ways,pau,purp,said,skilled,well	gifts,healing,interpret,tongues
26020041	0.121	1sg→3,2pl.pro,2→1,be,high,holy,know.i,land,nation,offerings,other,perfume,place,send.away,seq,sin,together,various,wide,worship/serve	accept,bring,countries,heathen,people,sanctified,savour,sweet,wherein
03014030	0.125	dove,finish,give,go.and,god,heifer,if.so,spirit	get,offer,one,pigeons,such,turtledoves
09010008	0.125	1sg.self,1sg→3,ah,basket,day,face,give,go,lamp,meihal,pai,say,until,wait,want,word,worships	burnt,come,days,offer,offerings,peace,sacrifice,sacrifices,shew,tarry,till
19143006	0.125	break,buy,dir,dry,pray,thu,want/love,water	forth,land,soul,stretch,thirsteth,thirsty
20029023	0.125	depart,feast,get,good,lowly,sorrow,suffer	bring,honour,low,man,pride,spirit,uphold
22001013	0.125	be.fragrant,be/become,bow.down,exactly.in.midst,lovingly,ointment,perfume,think	betwixt,breasts,bundle,lie,night,wellbeloved
23028012	0.125	2pl.pro,big,desire,give,listen.i,manner,topa,word	cause,hear,refreshing,said,weary,wherewith
24002035	0.125	1sg→3,divide,en,pasian,say,say.nom,sin,word	innocent,plead,sayest,sinned,surely,turn
24050036	0.125	child,feeble.minded,kamsang,kill,lie,long,soldiers,spread,wise	dismayed,dote,liars,men,mighty
25002019	0.125	and.then,cave,cry.out,die,get,give,grace,imm,kongzing,low,mind,purp.erg,return,rise,truly,zanin	arise,beginning,cry,face,faint,hands,heart,hunger,life,lift,like,night,pour,street,top,toward,watches,water,young
26017014	0.125	desire,make,nations,promise,reason,rebel,say.nom,what/like	base,covenant,itself,kingdom,lift,stand
26034019	0.125	climb,day,farmer,other,past,repent,tar,trample,water	drink,feet,flock,fouled,trodden
27009022	0.125	know.i,pai,recipr,teach,voice,word	come,forth,give,informed,said,skill,talked,understanding
29002024	0.125	3pl.poss,be.must,believe,fat,field,grape.juice,set,threshing	fats,floors,oil,overflow,wheat,wine
40020004	0.125	family,fear/respect,go.and,no,raisin,say.nom,some,worthy	right,said,vineyard,way,went,whatsoever
41006016	0.125	(plan,anger/favor,cause,child,counsel),extract,filip,herodias,jesuh,johan,know,marry,pillow,prison,purp.erg,quot,reason,resurrect,return,say.nom,soldiers,spread/proclaim,stay,what/like,wife,with,wither,work.nmlz,younger.sibling.poss	beheaded,dead,heard,john,risen,thereof
22007013	0.129	1pl.incl,1sg→3,branch,edge,faint,hear,midst,nation,ngaihno,perfume,put,say,sign,tell,trunk,valley,voice,want/love	beloved,gates,give,laid,mandrakes,manner,old,pleasant,smell
24046019	0.129	2pl.pro,accompany,basket,cloth,evil,hope,land,land.midst,meat,memfis,nobody,reason,say,say.nom,town,voice,what/like,wife,wither	captivity,daughter,desolate,furnish,inhabitant,noph,thyself,waste
63001005	0.129	(refl,1pl.incl,1pl.pro,day,each,everlast,from,lord,possession,say.nom,speak,three,thresh,true,voice,want,weave),woman,word	another,beginning,beseech,lady,new,one,though,wrote
01023006	0.133	1pl.pro,1pl.pro.poss,almighty,among,dust,kote,listen.i,love,nobody,pl.elder,place,restrain,say,voice,want,wife,word	bury,choice,dead,hear,mayest,mighty,prince,sepulchres,withhold
02008003	0.133	bow.down,chamber,chebar,companion,dist,dog,full,furnace,meal,nail,pai,pl.loc,pl.poss,trough/box,wild	abundantly,bed,bedchamber,bring,come,forth,frogs,house,ovens,people,river
06003012	0.133	begin/side,choose,kiss,nations,now,ten,two	man,men,take,tribe,tribes,twelve
06009013	0.133	believe,child,clothes,en,father,grape.juice,middle,now,press,say,send.away,sojourn,spill,true,wife,wilderness	become,bottles,filled,garments,journey,long,old,reason,rent,wine
19026002	0.133	and.then,look,mind,sin,spread,tempt,thought,voice	examine,heart,prove,reins,try
20011011	0.133	enemies.poss,evil,great,people.poss,thuman,voice,wither	blessing,exalted,mouth,overthrown,upright,wicked
23023018	0.133	3pl.poss,be.given,bundle,buy,denounce,dist,do,get,good,money,people.poss,perhaps,sky,tightly,use,worship,young	durable,dwell,eat,hire,holiness,laid,merchandise,sufficiently,treasured
23063002	0.133	cloth,command,father.poss,piece,raisin,rely,same,what/like	apparel,like,red,treadeth,winefat
26010008	0.133	below,each,have,kherub,mankind,neg.perf,pl.loc,same	appeared,cherubims,form,man,wings
26010015	0.133	animals,chariot,edge,fly,gun,khebar,kherub	chebar,cherubims,creature,lifted,living,river
26048023	0.133	always,back,begin,birthday,border,collapse,earth,get,israel,land,leilu,middle,minamte,nation,north,road,south,those.present,together,whole,year	east,portion,rest,tribes,west
40019020	0.133	call,father,hihte,keep,midst,past,say.nom,what/like	kept,lack,man,things,young
41001028	0.133	jesuh,land,new,strong,word	about,abroad,fame,immediately,region,round,spread,throughout
41003020	0.133	(flock,3pl.poss,big),disciples,gather,jesuh,know.i,own,person,scatter	bread,multitude,together
44012022	0.133	mankind,mite,open,quot,say,speech,spread/proclaim	gave,man,people,saying,shout,voice
44021036	0.133	(back,kill,life,open,poor.people,quot,reason,say,say.nom,what/like	crying,multitude,people
47001006	0.133	1pl.pro,1pl.pro.poss,2pl.pro,able,be.given,blow,compassion,get,help,no,pl.if,pl.poss,purp,really,strength,toil,vow,what/like	afflicted,comforted,consolation,effectual,enduring,same,sufferings,whether
14011013	0.136	3pl.pro.poss,abandon,ah,calf,choose,do,drive.out,dwell,father,fear,gilo,idols,jeroboam,jerusalem,judah,land,life,make,mountain,offering,pai,pan/bowl,past,people,place,possessions,priest,reason,receive,say.nom,sons,spot,swell,time,topa,what/like	coasts,resorted
26016027	0.138	1sg→3,faint,filistia,garden,give,good,imm,kingdom,nmlz.until,now,out,people.poss,please,see.i,take	ashamed,daughters,delivered,diminished,food,lewd,ordinary,philistines,stretched,way
26043014	0.138	back,besides,compose,grandmother,grind,half,high,open.space,root,seven,signal,toward,twenty,under,witness/heap	bottom,breadth,cubits,greater,ground,lesser,lower,one,settle,two
46009009	0.138	at.all,buh,calf,calves,do,heart,lip,piece,reason,say,say.nom,sin,speak,swell,thukham,what/like	care,corn,law,mouth,muzzle,oxen,take,treadeth,written
02023024	0.143	2pl.pro,3pl.pro.poss,board/pillar,dist,face,fly,god,idol,inst,kingdom,pl.poss,send.away,stone,strike,swallow,trample,worship	break,gods,images,quite,serve,utterly,works
02023033	0.143	2pl.pro,3pl.pro.poss,basket,err,god,great,neg.emph.poss,neg.perf,no,pl.if,pl.poss,reason,say,say.nom,what/like,worship/serve	against,dwell,gods,lest,make,serve,sin,surely
19100002	0.143	exist.nmlz,flesh,lungdamna,pai,sem,take,while	come,gladness,presence,serve,singing
19119035	0.143	2sg.self,flesh,go,reason,say.nom,want,way,what/like	delight,make,path,therein
20003008	0.143	be,disease,hear.i,if,quiet,same,water,well,wound	bones,marrow,navel
20003026	0.143	destruction,fear,guard,meet,reason,say.nom,trust,what/like	confidence,foot,keep,taken
20006008	0.143	call,denounce,eat.ii,famine,stumble,time,town	food,harvest,meat,provideth,summer
20012023	0.143	hide,mipilte,possess,wait,wise	concealeth,foolishness,fools,heart,man,proclaimeth,prudent
23049016	0.143	1sg→3,breadth,exp,forget,jerusalem,move,voice,write	continually,graven,palms,walls
24012001	0.143	1pl.incl,able,dragon,enemies,eternity,finish,midst,neither,person,row,strife,strong,voice,what/like,word	deal,happy,judgments,plead,righteous,talk,treacherously,way,wicked
25001012	0.143	around,cry.out,en,exactly.in.midst,father,fear/respect,neg.emph.poss,nobody,other.person,pai,quot,save,say,self,suffer	afflicted,day,fierce,like,nothing,pass,see,sorrow,wherewith
34003011	0.143	ambush,city,flee,nineveh,remember,town,voice,wine	drunken,hid,seek,strength
39003014	0.143	1pl.incl,2pl.pro,early,err,face,kingdom,lamp,manna,put,send,sign,vanglian,vow,what/like,work	hosts,kept,mournfully,ordinance,profit,said,serve,vain,walked
41005003	0.143	among,basket,devil,handful,nobody,rope,sepulchre,tie	bind,chains,dwelling,tombs
42001051	0.143	break,hand,have,mind,oppress,people	arm,hearts,imagination,proud,shewed,strength
44022025	0.143	cut.off,edge,group,khial,know,near,nmlz.ag,own,quot,rom,seq,soldier,spread,strike,word	bound,centurion,lawful,man,roman,scourge,stood,thongs,uncondemned
55004011	0.143	help,luka,only,pai,sit,strongly,work	bring,luke,ministry,profitable,take
01027004	0.148	1sg→3,3pl.poss,and.then,eat.ii,give.to,go,good,know.ii,neg.emph.poss,purp.erg,say,self,sign,want/love,word	bless,bring,eat,love,meat,savoury,soul,such
42009058	0.148	bow.down,giah,go.and,group,have,mihing,ngiate,past,place,purp,self,tapa,which,who	air,birds,foxes,head,holes,lay,man,nests,son
01016012	0.154	near,say,take,tribes,what/like	against,brethren,dwell,hand,man,presence
01019007	0.154	1sg→3,brothers,kingdom,neg.nom,purp,three,voice,what	brethren,pray,said
13016021	0.154	amaute,cover,face,flee,low,nobody	man,reproved,sakes,suffered,wrong
16006004	0.154	get/receive,likewise,open,truly,what	answered,manner,same,sent,sort,times
18017006	0.154	alone,ephod,hear,now,speak,time,word	aforetime,byword,made,tabret
18021011	0.154	out,rebuke,sport,tuuno	dance,flock,forth,like,little,ones,send
19111005	0.154	(word,3pl.poss,forever,honor,promise),remember	covenant,ever,fear,meat,mindful
19118004	0.154	child,firm,forever,honor,love,spread	endureth,ever,fear,lord,mercy
19139024	0.154	and.then,detained,en,forever,know.ii,neg.perf,spoil	everlasting,lead,see,wicked
20031029	0.154	good,nobody,quot,say,shield,stay,worthy,zi	daughters,excellest,virtuously
22001012	0.154	bow.down,exactly.in.midst,ointment,scatter	forth,sendeth,sitteth,smell,spikenard,table,thereof
23013015	0.154	abomination,die,kill,long,profit,whosoever	fall,found,joined,one,thrust
25001019	0.154	3pl.poss,among,chief,die,direction,finish,group,harp,help,join,live,want	city,deceived,elders,gave,ghost,lovers,meat,relieve,sought,souls
26022006	0.154	3pl.pro.poss,kill,labor,pl.elder,trust,work	blood,one,power,princes,shed
40026053	0.154	basket,dir,flock/swarm,heaven,know.i,know.ii,line,neg.abil,soldiers,spill,spirit,ten,truly,two,word	angels,cannot,give,legions,presently,thinkest,twelve
41014011	0.154	1sg→3,big,extinguish,good,hire,jesuh,joy,judas,know.ii,purp,quot,say,siampi,spread/proclaim,time,word	conveniently,give,glad,heard,money,sought
44014016	0.154	each.kind.erg,end,pasian,send.away,think	nations,own,past,suffered,walk,ways
45002011	0.154	be.alike,divide,manner,nobody,reason,say,say.nom,what/like,word	persons,respect
45009027	0.154	become,dimin,edge,fear/respect,isaiah,many,only,people,people.poss,speak,wilderness,word,young	children,concerning,crieth,esaias,number,remnant,sand,saved,though
47009003	0.154	2pl.pro,2pl.prosp.imp,alone,brothers,denounce,err,fear,go,help,know.ii,neg.nom,purp,purp.erg,say.nom,sound,wrap	behalf,brethren,ready,said,sent,vain
62005021	0.154	2pl.prosp.imp,deceive,god,love,neg.nom,voice,worship	children,keep,little,yourselves
24020008	0.156	(spoil,always,count,cry.out,day,emerge,guilt,neither,ngongtatna,nmlz),quot,reason,respect,say,speak,suffer,what/like,word/speech	cried,daily,derision,made,reproach,since,spake,spoil,violence
33006016	0.158	1sg→3,2pl.pro,3pl.pro.poss,bad,child,flesh,follow,guilt,kingdom,kumpi,laugh,male,minam,other,reason,say.nom,sem,suffer,what/like	bear,counsels,desolation,hissing,house,inhabitants,kept,make,people,reproach,statutes,thereof,walk
04007001	0.160	caus.erg,devote,fat,finish,mother,signal,stand,work,worship	altar,anointed,both,came,fully,instruments,pass,sanctified,set,tabernacle,thereof,vessels
11008042	0.160	2sg.self,dir,glory,people,pl.poss,reason,request,say.nom,temple,what/like,word,work	arm,come,hand,house,name,pray,stretched,strong,toward
46010025	0.160	able,dragon,dur,every,flesh,mind,neg.nom,pl.loc,purp.erg,quot,say,sell,succession,until,want	asking,conscience,question,sake,shambles,sold
24043012	0.162	choke,cloth,father,god,holy,love,pl.loc,really,return,sanctify,see.i,send,seq,temples,think,tuucingte,worship	array,captives,carry,fire,forth,garment,gods,himself,houses,kindle,peace,putteth,shepherd,thence
46003010	0.162	(nmlz,(think/love,apollos,break/untie),call,craftsmen.poss,darkness,dwell,father,great,phut,rest,road,serve,skilled,son,thing,use,work)	according,another,foundation,grace,heed,laid,man,masterbuilder,take,thereon,thereupon,wise
02025040	0.167	2sg.pro.poss,3pl.pro.poss,know.i,mualtungah,sign,take	look,mount,pattern,shewed
03016010	0.167	accompany,ai,among.lands,azazel,bethink,branch,face,heel,know.ii,live,preparation,purp.erg	alive,atonement,fell,goat,lot,presented,scapegoat,wilderness
16013009	0.167	2pl.prosp.imp,3pl.poss,believe,give,must,ointment,pray,put,sanctify,word,worship	brought,cleansed,commanded,frankincense,house,meat,offering,thither,vessels
18005016	0.167	all.people,example,have,if,people,true.word	hope,iniquity,mouth,poor
19008004	0.167	change,human.poss,mankind,moreover,remember,think,what/like	man,mindful,visitest
19031011	0.167	all.poss,at,flee,know.face,konglakah,laugh,peel,pl.poss,rebuke,scatter,see.i,seven,toward,wither	acquaintance,enemies,especially,fled,reproach,see
19085013	0.167	alone,face,make,pai,prepare,topa,true.word	righteousness,set,steps
19119163	0.167	2sg.self,hear.i,put,want,word,zuaunate	hate,law,love,lying
20003002	0.167	(word,1sg→3,generation,prosper,teach)	add,days,length,life,peace
20020030	0.167	1pl.incl,basket,blow,branch,fully,good,holy,middle,nakpi,person,really,strongly,suah,within	belly,blueness,cleanseth,inward,parts,wound
23022016	0.167	2sg.self,3sg.poss,bed,dust,have,make,man,midst,place,stone,up,voice,what/like,who	graveth,habitation,hewed,heweth,himself,rock
25003045	0.167	1pl.pro,abominate,cut,earth,near,see.i.cont	midst,offscouring,people,refuse
26042001	0.167	always,arrive,cloth,dir,generation/place,go,hem,man,temple,territory	against,brought,building,chamber,court,forth,place,separate,toward,utter
30006008	0.167	big,covenant,dread,enemies.poss,garden,give,hand,imm,israel,place,really,remain,say,see.i,self.glorification,te,trust,vanglian,want,word	abhor,deliver,excellency,hate,himself,hosts,jacob,palaces,sworn,therein
37001007	0.167	exact.midst,now,say.ii,think,truly,vanglian,welfare	consider,hosts,ways
42003003	0.167	appearance,around,be,father,gun,holy,if,immerse,isaiah,johan,kis,life,midst,pai,pasian,prophet,quot,say,sin,tell,turn,water,word,write	about,baptism,came,preaching,remission,repentance
42014033	0.167	1sg.self,dare,give,have,know.i,wither	cannot,forsaketh,likewise,whosoever
43003033	0.167	believe,finish,quot,say,speech	received,seal,set,testimony,true
44017023	0.167	3sg.poss,big,care,exactly.in.midst,kithei,know.i,manner,midst,neg.emph.poss,now,own,pai,pl.loc,quot,say,scripture,see.i,signal,spot,village,while,worship/serve	altar,beheld,devotions,found,ignorantly,inscription,passed,unknown
58010006	0.167	appearance,meihal,peace,purp.erg,worship,worships	burnt,offerings,pleasure,sacrifices
13029019	0.171	(plan,army,big,counsel),guard,know.ii,laws,male,mind,petition,purp.erg,road,say,sem,spirit,temple,will/want,witness	build,give,heart,keep,made,palace,perfect,provision,statutes,testimonies,things
24051057	0.171	(elder.sibling,1pl.incl,1sg→3,begin,called,duke,eternity,generation,great),juice/alcohol,preserve,quot,say,see,soldiers,speak,vanglian	captains,drunk,hosts,make,men,mighty,name,perpetual,princes,rulers,sleep,wake
12004041	0.174	3pl.poss,by,eat.ii,if,know.ii,nothing,out,pan/bowl,purp.erg,take,throw,word	bring,cast,eat,harm,meal,pot,pour
23034014	0.174	dawi,field,friend,heel,open,sangak,walk.with	beasts,cry,desert,fellow,find,herself,island,owl,rest,satyr,screech,wild
24004020	0.174	(cloth,ambush,balance),collapse,evil,move,other,scratch,seq,siatna,thakhat,word	cried,curtains,moment,spoiled,suddenly,tents,whole
31001009	0.174	(refl,battle,bow.down,enemy,feeble.minded,land,purp.erg,seq,slay),town,voice	cut,dismayed,end,men,mighty,mount,one,slaughter
45009031	0.174	able,big,christ,fellowship,hang,how,if,know.i,know.ii,manner,pasian,people,purp.erg,pursue,turn,word	attained,followed,righteousness
46009016	0.174	dread,gladness,likewise,line,lungdamna,purp,put,reason,say.nom,send,tell,what/like,word	gospel,laid,necessity,preach,though,woe
26010019	0.175	3pl.pro.poss,biakinn,birthday,care,chariot,chariot.leaders,dust,exactly.in.midst,fly,follow,in.front,kherub,neg.perf,rest,road,road.big,spread	above,beside,cherubims,door,earth,east,gate,house,lifted,mounted,one,sight,stood,went,wheels,wings
16009026	0.176	2sg.self,army,blame,dir,have,hinder,kill,live,make,mind,return.again,sin,sit,speak,tell,willing/want	against,backs,behind,cast,disobedient,great,nevertheless,provocations,slew,testified,turn,wrought
29001002	0.179	ancestor,be.born,be.different,citizen,exp,judah,leap,lifetime,listen.i,no,note,time,voice,what/like,whosoever,word	days,give,hear,inhabitants,land,men,old
06010020	0.182	3pl.pro.poss,become,city,clean,collect,finish,full,many,midst,people,seq,truly,trust	came,children,cities,consumed,end,entered,fenced,great,made,pass,remained,rest,slaughter,till
07007017	0.182	carry,en,neg.emph.poss,place	camp,likewise,look,outside,said
09025015	0.182	1pl.pro,among.lands,at,day,destruction,escape,middle,nothing,pai,price,suffer	conversant,fields,hurt,long,missed,neither,thing
11014023	0.182	asherah,below,idols,make,mountain,mountaintop,reason,say.nom,tall,what/like,worship,worships	built,groves,hill,images,places,tree
18029007	0.182	assemble,elders,khuasung,together	city,gate,prepared,seat,street
19085005	0.182	become,eternity,go,khang,kote	angry,draw,ever,generations
25004002	0.182	be.made,jerusalem,laugh,lazy.person,move,what/like,young,youth	comparable,earthen,esteemed,fine,hands,pitchers,potter,sons,work,zion
26005007	0.182	1sg.self,around,cause.birth,commandments,destruction,follow,great,jerusalem,kingdom,knowledge,laws,listen.i,minam,now,other,pl.poss,sayings,voice	about,according,judgments,kept,multiplied,neither,round,statutes,walked
26040006	0.182	(surround,behind,big,birthday,climb,dir,earth,empty,grandmother,high,roof,side),steal,ten,up,way	broad,east,gate,looketh,one,other,reed,stairs,thereof,threshold,toward
40027004	0.182	1pl.pro,2sg.self,bear,concern,die,go.and,have,man,mawhna,neg.perf,rely,sin,what/like	blood,innocent,saying,see,sinned
42012027	0.182	1sg→3,2pl.pro,bangzahin,be.good,bear,cloth,clothe,eat.ii,fear/respect,gamlak,grasp,midst,own,sem,share,south,think,tuate,weave	arrayed,glory,grow,like,lilies,one,spin,toil
42017009	0.182	cut,do,say,send,want	commanded,thank,things,trow
43009010	0.182	father,how.erg,know.i,quot,see.i,town,until	eyes,opened
46009026	0.182	about/approximately,big,have,imagination	beateth,fight,one,run,uncertainly
58010018	0.182	appear,appearance,call,give.to,purp.erg,seq,worship	offering,remission
65001002	0.182	2pl.pro,good,grace,many,truly,word	mercy,multiplied,peace
26001012	0.185	animals,body,each,every,face,forehead,four,have,immediately,know.i,mock,pl.loc,place,sit,tar,will/want,wither	forward,one,spirit,turned,whither
24051011	0.188	bad,deep,exhort,great.temple,lumte,media,reason,say.nom,take,thaltangte,town,want,what/like	against,arrows,bright,destroy,device,gather,make,medes,raised,shields,spirit,temple,vengeance
42012045	0.188	(nmlz,empty,grasp,husband,mind,quot,return,rice/food,spirit,spread,strike,take,think,wine,woman,work)	beat,begin,coming,delayeth,drink,drunken,eat,heart,maidens,menservants
45004011	0.188	abraham,after,dir,fall,flee,follow,high,neg.nom,neg.perf,pasian,people,purp.erg,self,skin,spread,take,word	circumcised,circumcision,faith,imputed,received,seal,sign,though,uncircumcised
19097007	0.190	(face,able,bow,bow),face,finish,god,idol,nothing,place	boast,confounded,gods,graven,images,serve,themselves
42009031	0.190	arrive,counsel,death,desire,have,heaven,pai,pasian,purp,redup,sign,town,word	accomplish,appeared,decease,spake
42024041	0.190	ask,different,every,have,inst,intns,middle,morning,nektheih,past,pleased,quot,south,true	joy,meat,wondered
44001004	0.190	2pl.pro,exactly.in.midst,gather,go.out,pa,past,speak,town,vow,word	assembled,commanded,depart,father,heard,promise,together
01047009	0.194	alone,be,besides,destruction,dwell,faro,hear,jakob,little,live,near,tawlkhat,ten,three,time	attained,days,evil,few,hundred,jacob,life,pharaoh,pilgrimage,thirty
42006007	0.194	cause.sin,farisi,fountain,jesuh,know.ii,look,man,people,purp,quot,say,sia,some,tell,thukham,want,well,word	accusation,against,find,heal,pharisees,scribes,whether
56001005	0.194	bet,call,count,dwell,elder,forsake,krete,land,midst,past,put,remember,sem,speak,tuikulh,well	appointed,cause,crete,left,ordain,order,set,shouldest,wanting
61002012	0.194	animal,animals,bad,be.born,born,follow,gilo,land.midst,mind,neg.nom,send.away,slay,steal,with	beasts,brute,corruption,destroyed,evil,made,natural,own,perish,taken,utterly
01019031	0.200	1pl.incl,1pl.pro,child,elder.sibling,husband,in.law,know,lamp,lay.down	come,firstborn,man,manner,old,said,younger
02036030	0.200	3pl.pro.poss,be.made,bull,bullen,cubit,each,nave,net,ngun,six,ten	board,boards,silver,sixteen,sockets
03025025	0.200	brother.poss,capture,divide,earth,lack,near,pai,past,sell,spread	come,kin,poor,redeem,sold,waxen
05020004	0.200	2pl.pro,family,father,fear,give,mingled,reason,say,say.nom,side,transgress,what/like	against,enemies,fight,save
06002019	0.200	1pl.pro,1pl.pro.poss,death,go.out,harp,holy,reason,sin,upon,way	doors,guiltless,hand,head,house,street
12011019	0.200	call,cingte,citizen,faithful,gather,go,king.poss,kongpi,loaf,make.become,now,pai,pl.poss,temple,tent	brought,came,captains,gate,guard,house,hundreds,land,people,rulers,sat,took,way
16002014	0.200	ah,animal,become,bual,know.ii,kongpi,kumpipa,purp,ride,tuinak	beast,fountain,gate,king,pass,pool
19051004	0.200	2sg.self,divide,err,imm,nothing,see.ii,send.away,story,word	against,clear,judgest,justified,mightest,sight,sinned
19077012	0.200	2sg.self,big,deep,heart,think	doings,meditate,talk
22001008	0.200	alike,among,and.then,choke,edge,follow,girl,heel,nmlz.ag.poss,nungak,place,think/love,throw,tuuhonte,voice	beside,fairest,feed,flock,footsteps,forth,kids,way,women
23008021	0.200	(cover,(heart,bowels,crooked,forbid),land,mite,sky,spoil),stomach,strongly,suddenly,trample,walk,wrath	bestead,come,curse,fret,hardly,look,pass,themselves,upward
23053010	0.200	body,desire,disease,genealogy,generation,increase,long,mawhna,present,see.i,suffer	days,grief,make,offering,pleased,pleasure,prolong,prosper,put,see,seed,sin,soul
24026019	0.200	1pl.incl,1pl.pro,1pl.pro.poss,3pl.pro.poss,army,arrive,at.all,but/however,destruction,father,honor,kill,kumpipa,lift.up,low,past,request,say,speak,true,truly	against,besought,death,evil,fear,great,procure,pronounced,put,repented,souls
26034025	0.200	(word,2pl.prosp.imp,among.lands,dread,exact,finish,gam,know.i,know.ii,promise),really,round,send.away,want	cause,cease,covenant,dwell,evil,land,safely,sleep,wilderness,woods
34002001	0.200	branch,child,city,count,father,kithawi,nineveh,pl.loc,sound,stay,touch,victory,voice	dasheth,face,fortify,keep,loins,make,mightily,munition,pieces,power,strong
40025032	0.200	climb,earth,face,father,gancing,heel,put,today,together	another,gathered,goats,one,separate,sheep,shepherd
41010036	0.200	(plan,1sg→3,ask,counsel),jesuh,quot,want,what/like	
42019043	0.200	believe,eat,place,plead,say,say.nom,time,up	about,cast,come,compass,days,keep,side,trench
45016006	0.200	2pl.pro,cause,counsel,sem,strongly	bestowed,greet,labour
48001021	0.200	land,midst,pai,silisia	afterwards,came,cilicia,regions
52002007	0.200	2pl.pro,love,make,middle,woman	cherisheth,gentle,nurse
26044030	0.206	(worship,anpal,arrive,bake,be.given,count,embed,food,good,high,israel,nmlz),people.poss,promise,purp.erg,raw,time	blessing,cause,dough,first,firstfruits,house,oblation,oblations,rest,sort
44019033	0.206	(flock,begin,big),born,breadth,face,jew,old,poor.people,purp.erg,quot,reason,say,sin,some,speak,stand,think,word	beckoned,defence,drew,forward,jews,made,multitude,putting
03026022	0.207	2pl.pro,among,animals,bad,choke,dimin,eat,no,pl.poss,roads,suah,wither,young	cattle,destroy,few,high,make,number,rob,send,ways,wild
03026030	0.207	1sg→3,2pl.pro,bad,children,die,flow,hewers,join,mountain,no,ointment,pai,pl.poss,receive,worship,worships	cast,cut,destroy,high,images,places,soul
34001012	0.207	(strength,1sg→3,2pl.pro,assiria,bad,firm),heavy,midst,no,now,people,pl.if,seq,shame,speak,time,word	afflicted,cut,likewise,pass,quiet,though
15003011	0.209	call,firm,flesh,forever,get/receive,imm,love,nave,reason,rejoice,say,say.nom,spray,strongly,te,temple,what/like,worthy	course,endureth,ever,foundation,giving,great,house,laid,mercy,people,sang,shout,shouted,thanks,together,toward
09013020	0.211	farming,filistia,mock,now,scatter,sickle,sweep,te	axe,coulter,man,mattock,philistines,share,sharpen
09015014	0.211	climb,ear,full,if,ox,pl.poss,spread/proclaim,what/like	bleating,ears,hear,lowing,meaneth,oxen,sheep
09024013	0.211	1sg.self,1sg→3,ate,be.born,gilo,pl.poss,say.nom,speak,tang,time,what/like	ancients,proceedeth,proverb,wicked
12009033	0.211	donkey,down,jehu,jezebel,pour,some,steal,tread	foot,horses,sprinkled,threw,throw,trode,wall
13012039	0.211	(plan,3pl.poss,brothers,counsel),day,denounce,eat,gather,midst,water	brethren,days,drinking,eating,prepared
14026010	0.211	among.lands,buy,farmer,flock,good,grapevine,have,high,pool,puah,road,shefelah,store,up,use,work	both,built,carmel,cattle,desert,digged,dressers,husbandmen,loved,low,plains,towers,vine,wells
26022026	0.211	child,day,divide,fear,have,israel,pattern,people,regard,strengthen,te,tell,transgress,true,tuate,vain,void,worship	clean,difference,eyes,hid,neither,profane,profaned,put,shewed,things,unclean,violated
26040020	0.211	big,generation/place,go,man,outside,road,side	breadth,court,gate,length,looked,outward,thereof,toward
38003004	0.211	1sg→3,angel,basket,cloth,day,depart,give,go,imm,joshua,man.poss,new,now,off,old,others,quot,servant,sin,vantung	answered,caused,change,filthy,garments,iniquity,pass,raiment,spake,stood
40022030	0.211	dead.pl,have,man,people,reason,same,say.nom,what/like,wife	angels,given,god,marriage,marry,neither
42001063	0.211	fall,flesh,johan,leaf,other.way,pray,quot,say,zekhariah	asked,john,marvelled,saying,table,wrote
42008052	0.211	(woman,among,death,fire),jesuh,kap,midst,obey.poss,only,see,three	bewailed,sleepeth,weep,wept
56003010	0.211	cause.birth,divide,do,kitot,move,out,purp,seq,tell,time,what/like	admonition,first,heretick,reject
66001012	0.211	be.made,counsel,en,lamplight,mock,quot,say,see.i,who	candlesticks,saw,see,spake,turned,voice
40009018	0.212	child,exactly.in.midst,face,female,five,jesuh,jew,kneeling,now,offend,pai,pl.elder,quot,resurrect,say,speak,three	came,certain,come,daughter,lay,live,ruler,spake,worshipped
14031018	0.214	children,circumcision,exact,holy,pl.loc,poor.person,reason,say,say.nom,siampite,what/like,whole,wife	congregation,holiness,little,office,ones,sanctified,set,themselves,wives
24015020	0.214	1sg→3,be.made,become,count,fortress,go.forth,iron,presence,reason,say,say.nom,south,what,what/like	against,deliver,fenced,fight,make,prevail,save,wall
24022023	0.214	basket,birth,child,exact,land,numei,quantity,really,same,signal,suffer,take,want,what	gracious,inhabitant,makest,nest,pain,pangs,travail,woman
24052021	0.214	branch,grandmother,grind,high,root,round,seven,ten,together,twenty	compass,concerning,fillet,fingers,height,hollow,one,pillar,pillars,thereof,thickness,twelve
47008007	0.214	1pl.pro,2pl.pro,2→1,believe,better,child,from,help,lend,more,other.person,purp,rejoice,saying,what,work	abound,diligence,faith,grace,see,utterance
02033007	0.216	ambush,assembly,carry,count,go.out,israel,know.i,outside,pekah,people,road,scatter,strike,tent,until,want,whosoever,wilderness,word	afar,came,camp,congregation,one,pass,pitched,sought,tabernacle,went
27003024	0.216	(side/direction,(word,1pl.incl,ask),be,furnace,get/receive,go.quickly,handful,kumpipa,mihing,other),past,quot,tightly,until,voice	answered,astonied,bound,cast,counsellors,haste,king,men,midst,rose,spake,true
26003011	0.217	1sg→3,and.then,companions,go.and,hope,listen.i,meat,pai,speech	captivity,children,forbear,get,god,hear,lord,people,whether
44007052	0.219	1pl.incl,2pl.pro,again,desire,destroy,kill,make,messenger,nasempa,neg.nom,neither,now,pai,pasian,purp,send.away,servant,speak,word	coming,murderers,one,persecuted,shewed,slain
23054001	0.220	abandon,and.then,cry.out,disease,dwell,exp,flesh,gladly,great,have,hear,nausuak,out,reason,say,say.nom,suffer,take,what/like,woman.poss,women.poss	aloud,bear,break,desolate,didst,forth,married,sing,singing,travail,wife
02028021	0.222	(refl,3pl.pro.poss,each,find,nation,same,sons.poss,ten,tuate,two,write,write)	according,children,engravings,like,names,one,signet,tribes,twelve
02036003	0.222	count,early,give.to,go,high,people,purp.erg,want,word,worship	brought,children,free,make,morning,offering,offerings,received,sanctuary,service,withal
04031017	0.222	among,husband,lie,now,past,together,whosoever,youth	known,little,lying,male,man,ones
05012013	0.222	2pl.prosp.imp,do,every,give.to,neg.nom,pl.loc,think,worships	heed,offer,offerings,seest,take,thyself
09017041	0.222	carry.back,face,father,filistia,love,pa,round	bare,came,drew,man,near,philistine,shield
14034006	0.222	around,city,efraim,father,naftali,place,self,until	about,cities,ephraim,mattocks,naphtali,round
16013019	0.222	end/finish,flock,give,neg.nom,old,purp.erg,put,road.big,send,seq,some,throw,town,until,word	began,brought,burden,came,charged,commanded,gates,jerusalem,opened,pass,set,shut,till
16013030	0.222	exp,holy,other.land,people,pl.loc,serve,unite,work	appointed,business,cleansed,one,strangers,wards
18005014	0.222	before,break,great,in,judge,likewise,sun,sunthapai,town,weary	daytime,grope,meet,noonday
18013017	0.222	listen.i,sayings,sign.true	declaration,diligently,ears,speech
21005014	0.222	basket,carry,lose,now,pl.poss,possession,sin,work	begetteth,evil,hand,perish,riches,travail
23003026	0.222	bare,big,body,khuapi,mother,road,same,signal,three,wither	gates,lament,mourn,sit
24004017	0.222	1sg→3,branch,enemies,judah,land,redup,say,side.poss,still	about,against,field,keepers,rebellious
33004006	0.222	faint,flesh,give.to,people,say,suffer,take,time,together	afflicted,assemble,day,driven,halteth
40011028	0.222	2pl.pro,burden/load,carry.on.back,child,faint,mind,pai,people,serve,voice	come,heavy,labour,laden
40025016	0.222	always,extinguish,father,get,neg.abil,thousand,use,usury	other,received,same,talents,traded,went
41010044	0.222	all.poss,every,other,prince,want	chiefest,whosoever
41013022	0.222	(refl,2pl.prosp.imp,be.able,be.born,choose,khrih,make,other.ways,own,people,reason,restrain,say.nom,what/like	christs,elect,false,rise,seduce,shew,wonders
42008056	0.222	(side/direction,2pl.prosp.imp,be.born,father,gold,jesuh,mother,neg.nom,numeino,other),word	astonished,man,parents
42011003	0.222	3pl.poss,forbid,nisim,together	bread,daily,day
44003024	0.222	be.born,begin,each,exact.midst,live,now,speak,word	days,follow,foretold,likewise,many,spoken
44023021	0.222	(ten,2pl.prosp.imp,2sg.self,3pl.pro.poss,already,basket,commandment,count,covenant,finish,four),give,imm,make,mankind,midway,only,paul,plead,request,say,until,water,what/like	bound,drink,lie,looking,men,neither,oath,promise,themselves,till,yield
45009028	0.222	divide,early,people,reason,say,say.nom,what/like,word	cut,finish,make,righteousness,short,work
45011008	0.222	collect,holy,know.i,make,midst,quot,remember,say,scripture,see.i,think,town,word	according,ears,eyes,given,see,slumber,spirit,written
50004014	0.222	exactly.in.midst,help,sin,sorrow	affliction,communicate,notwithstanding
58006018	0.222	1pl.incl,1pl.pro,example,face,keep,know.i,measure,pan/bowl,place,pleasant,purp.erg,really,repent,return,span,speak,strength,tightly	consolation,fled,hold,hope,immutable,impossible,lay,refuge,set,strong
42017006	0.226	and.then,ankam,be.born,believe,branch,cond,embed,go.and,grow,have,kizunglot,say.nom,trunk,what	faith,grain,mustard,obey,planted,plucked,root,seed,sycamine,tree
42018034	0.227	able,amaute,disciples,jesuh,meaning,neg.nom,quot,remove,say,south,speak,what/like	hid,neither,spoken,things,understood
46012028	0.227	(side/direction,counsel,craftsmen,each,elders,ephod,exact,fruit,know.i,make,other),other.person,other.way,pau,place,plead,said,send,stand,three,well,word,writing	apostles,church,diversities,gifts,governments,healings,helps,miracles,set,thirdly,tongues
01019015	0.229	and.then,be.strong,burn,give.to,heaven,hurry,khuapi,light,midst,neg.perf,people,quot,say,send,toil,zingsang	angels,arise,arose,city,consumed,hastened,iniquity,lest,morning,saying,two
42023002	0.229	be.nom,begin,companions,compose,conversation,err,guilty,hear,inst,man,midst,neg.nom,road,say,seek,self,speak	accuse,began,cæsar,fellow,forbidding,found,himself,nation,perverting,tribute
02001022	0.231	chebar,companions,faro,female,give,hebru,live,male,nail,out,say,wither	alive,born,cast,charged,daughter,pharaoh,river,save
05006015	0.231	2pl.pro,among,bad,be,buy,forehead,if,no,pl.poss,reason,say.nom,sink,what/like	against,destroy,earth,face,jealous,kindled,lest
13021020	0.231	barley,begin,exactly.in.midst,fear,group,male,near,pl.if,river,see.i,topa,town	back,four,hid,saw,themselves,threshing,turned,wheat
27007022	0.231	3sg.poss,forever,get,good,hear,lianpen,life,man,pai,pasian,people,speak	ancient,came,days,given,high,possessed,saints,until
42001003	0.231	1sg→3,beginning,from,imm,line,piece,quot,say,spread,think,truly,unite	excellent,first,having,order,perfect,seemed,theophilus,understanding
44001018	0.231	break,buy,die,extinguish,get,inward,kingdom,many,now,wash,wick	asunder,bowels,burst,field,gushed,headlong,iniquity,midst,purchased
02010004	0.235	1sg→3,deny,go,land,morning,reason,say.nom,what/like	bring,coast,else,morrow,refuse
11007046	0.235	buy,east,field,middle,pan/bowl,sukkoth,zarethan	cast,clay,ground,plain,succoth,zarthan
12002013	0.235	by,chebar,cloth,fall,plead,return	back,bank,fell,mantle,stood,took,went
13009032	0.235	3pl.pro.poss,anlum,count,ompihna,put,rule,some,tribes	brethren,other,prepare,shewbread,sons
19044003	0.235	3pl.pro.poss,be,dir,face,get,give,grace,lay,long,more,peace,reason,say.nom,transgress,truly,what/like	arm,countenance,favour,got,hadst,light,neither,own,possession,save
19091013	0.235	cover,generation,leg,loaf,middle,ornament,under,viper	adder,feet,lion,trample,young
20018015	0.235	2pl.prosp.imp,fruit,get,grow,learning,listen.i,thungaihsun,truly	getteth,heart,knowledge,prudent,seeketh
23001030	0.235	2pl.pro,bread,flourish,get,measure,reason,same,say.nom,trunk,what/like	fadeth,garden,leaf
26010018	0.235	(go,1sg→3,go.and,in.front,kherub,out),pl.poss,temple	cherubims,departed,house,stood,threshold
26035008	0.235	carcass,die,enemy,full,mualtung,pl.poss	fall,fill,hills,men,rivers,slain,sword
42006041	0.235	dawn,day,embed,look,pl.poss,remember,what/like,worthy	beholdest,brother,mote,own,perceivest
42015023	0.235	1pl.incl,beauty,day,joy,make,pawi,say,suprl	bring,eat,fatted,hither,merry
45015032	0.235	1pl.incl,2pl.pro,abomination,cond,desire,exact,otherwise,pray/intercede,really,want,word	come,refreshed
46007013	0.235	alone,cut,have,likewise,numei,otherwise,peace,wife,word	dwell,leave,pleased,woman
47001023	0.235	1sg→3,2pl.pro,be,know.ii,pai,witness,word	call,came,corinth,record,soul,spare
59001005	0.235	call,lend,pilna,pl.if,pray,straight	ask,giveth,lack,liberally,men,upbraideth,wisdom
03003001	0.240	among,face,father,give,give.to,if.so,mother,one.poss,want,word,worship	female,male,oblation,offer,offering,peace,sacrifice,whether
04015006	0.240	3pl.poss,be.made,fat,give.to,make,meal,purp,together,worship/serve	deals,flour,meat,mingled,offering,oil,part,prepare,tenth,third
19055023	0.240	alive,best,clear,down,fear/respect,kill,place,restrain,revenge,siege.mound,voice	bloody,bring,days,deceitful,destruction,half,men,pit
40009011	0.240	(official,3pl.poss,collect),eat.ii,err,farisi,jesuh,law,man,people,sia,together,what/like,word	eateth,master,pharisees,publicans,sinners
42013006	0.240	branch,jesuh,measure,middle,nothing,pai,preach,speak,theigah	came,certain,fig,found,man,parable,sought,spake,thereon,vineyard
44008003	0.240	begin/side,believe,crooked,destroy,elders,husband,out,pai,pull,pursue,word	church,committed,entering,haling,havock,house,made,men
28014009	0.241	attack,each,embed,fruit,loaf,mawhneite,mipil,people,promise,receive,road,story,think,truly	fall,prudent,right,therein,transgressors,walk,ways,wise
44005040	0.241	(elder.sibling,2pl.prosp.imp,call,cause,choke,exact,exp,fly,gamaliel,give,great),neg.nom,sawltakte,send,seq,speech,strike,teach	agreed,apostles,beaten,commanded
28010006	0.242	assiria,bow.down,christ,compose,conversation,follow,give.to,great,idol,land,nmlz.ag,reason,say.nom,te,thu,what/like,worship	ashamed,assyria,counsel,ephraim,jareb,own,present,receive
