word	count	entries
ak	4	L8997:a-k=3SG-?; L9167:a-k=3SG-?; L9265:ak=then/particle; L10817:ak=COMPL
amahmah	2	L7598:a-mah-mah=3SG-self-RED; L13220:a-mah-mah=3SG-self-self
amaute	2	L7337:a-mau-te=3-PL.base-PL; L12878:a-mau-te=3SG-EMPH-PL
ancilna	2	L8116:ancil-na=anoint-NMLZ; L12826:an-cil-na=corn-thresh-NMLZ
ang	2	L8231:a-ng=3SG-FUT; L10257:ang=be/become
angvan	3	L9616:ang-van=together-?; L10042:ang-van=face-see; L13799:ang-van=bright-sky
ankung	2	L8541:an-kung=3PL-tree; L9783:ankung=herb
anlate	3	L9655:an-la-te=3PL-take-PL; L13272:an-la-te=3PL-take-PL; L13807:an-la-te=PL-take-PL
anlim	2	L8903:an-lim=3PL-feast; L9821:anlim=dainty
anne	2	L9160:a-nne=3SG-food; L14740:Anne=ANNA
ansal	2	L10897:an-sal=grain-store; L11678:ansal=granary
ansite	2	L13805:an-site=others-?; L14611:ansi-te=chaff-PL
antan	3	L10090:an-tan=food-stop; L14614:an-tan=3PL-fast; L14777:antan=endure
ap	3	L7530:ap=entrust; L10172:ap=span; L10610:ap=devote
atul-amakin	2	L14359:a-tul-ama-kin=3SG-?-3PL-?; L14402:a-tul-ama-kin=3SG-follow-3PL-also
awk	2	L7234:awk=ram; L11673:awk=trap
awmgak	2	L13813:awm-gak=be-?; L14706:awm-gak=waist-bind
balnen	3	L8505:bal-nen=owe-?; L8981:bal-nen=owe-swallow; L9998:balnen=tear
bang	2	L7301:bang=what/like; L10204:bang=equal
bangzia	2	L7314:bang-zia=what-manner; L12834:bang-zia=what-like
bawlpha	2	L10249:bawl-pha=make-good; L12889:bawl-pha=fortify-strong
bawlsiate	2	L9004:bawl-sia-te=make-bad-PL; L11315:bawl-sia-te=do-evil-PL
bawngla	2	L8462:bawng-la=cattle-?; L8977:bawng-la=cattle-young.female
bawngnawi	3	L7912:bawng-nawi=cow-butter; L13434:bawng-nawi=cow-meat; L13881:bawng-nawi=cattle-bull
bawngpi	2	L8625:bawng-pi=cattle-big; L9677:bawngpi=cattle.big
behlap	2	L7845:beh-lap=tribe-half; L10406:behlap=grow
behpa	2	L12407:beh-pa=arm-NMLZ; L13219:beh-pa=capture-NMLZ
beisak	2	L7907:bei-sak=end-CAUS; L11732:bei-sak=finish-CAUS
belawi	2	L16530:bel-awi=leave-?; L16749:bel-awi=leave-winnow
beng	2	L9723:beng=companion; L10363:beng=hunt
biakbuk	2	L7141:biak-buk=worship-tent; L12881:biak-buk=worship-house
biakpiakna	2	L7473:biak-piak-na=worship-give.to-NMLZ; L12880:biak-piak-na=worship-offer-NMLZ
bil-aphuai	2	L14361:bil-ap-phuai=ear-close-?; L14398:bil-ap-huai=ear-close-full
bilvang	2	L8719:bil-vang=ear-strength; L9767:bilvang=loop
buhlom	2	L9072:buh-lom=rice-heap; L14492:buh-lom=rice-bundle
buksim	2	L9472:buk-sim=ambush-?; L9532:buk-sim=ambush-surround
buppi	2	L10448:bup-pi=all-big; L10866:bup-pi=all-great
cianga	2	L8247:ci-ang-a=say-FUT-NOM; L8328:ci-ang-a=say-FUT-LOC
ciangkang	2	L9435:ciang-kang=clear-stripe; L9811:ciangkang=rod
ciangkhut	2	L7590:ciang-khut=then-hand; L9983:ciang-khut=white-part
cil	3	L7761:cil=sprout; L9685:cil=beginning; L10694:cil=piece
cilesa	2	L9411:ci-le-sa=say-and-?; L9551:ci-le-sa=say-and-already
cilna	3	L8902:cil-na=begin-NMLZ; L12887:cil-na=command-NMLZ; L13900:cil-na=thresh-NMLZ
cin	2	L10048:cin=plant; L10715:cin=tend
cinatna	2	L8883:ci-nat-na=say-sick-NMLZ; L10979:ci-nat-na=become-sick-NMLZ
cingh	3	L8802:cingh=say.?; L8833:cingh=say.COMP; L13454:cing-h=lend-COMP
cithak	2	L8421:ci-thak=say-?; L8971:ci-thak=say-true
cithei	2	L8237:ci-thei=say-able; L12832:ci-thei=eye-evil
dahlekah	2	L16527:dah-le-kah=dry-and-?; L16754:dah-le-kah=dry-and-lamentations
dahlua	2	L10872:dah-lua=weep-exceed; L12551:dah-lua=grieve-too
dampah	2	L9529:dam-pah=well-?; L10014:dam-pah=healthy-clear
dangka	2	L8759:dang-ka=other-?; L8825:dang-ka=other-one
dangtak	3	L8189:dang-tak=other-true; L9897:dangtak=weary; L11601:dangtak=thirst
daupai	2	L9079:dau-pai=war-pour; L11550:daupai=prosper
dawk	2	L9227:dawk=open; L10810:dawk=bind
deda	2	L9238:de-da=love-?; L10906:de-da=love-INTNS
dengzan	2	L12849:deng-zan=rod-iron; L13549:deng-zan=cut-break
dingpi	2	L12099:ding-pi=stand-great; L13450:ding-pi=stand-big
dingte	3	L7523:ding-te=stand-PL; L13181:ding-te=PROSP-PL; L13835:ding-te=PROSP-PL
dingto	2	L8529:ding-to=stand-sit; L12888:ding-to=stand-up
dip	2	L9236:dip=valley; L15987:dip=dip
do	2	L9777:do=rise; L10578:do=throw
ek	2	L9847:ek=dung; L10687:ek=sneeze
enen	2	L11863:en-en=look-REDUP; L15176:en~en=look~RED
galhiamte	2	L8540:gal-hiam-te=enemy-?-PL; L8985:gal-hiam-te=enemy-fierce-PL
galkidona	2	L7897:gal-kido-na=enemy-fight-NMLZ; L12604:gal-kidona=war-sword
gamgi	3	L7467:gam-gi=land-boundary; L9699:gamgi=border; L12883:gam-gi=land-year
gamh	2	L7685:gamh=land.II; L9837:gamh=inheritance
gamlapi	2	L7830:gam-la-pi=land-take-big; L12960:gam-la-pi=land-field-great
gamsa	2	L8299:gam-sa=land-meat; L9669:gamsa=beast
gamtatna	2	L7170:gamtat-na=rule.land-NMLZ; L12863:gam-tat-na=earth-curse-NMLZ
gamtatsia	2	L8504:gamtat-sia=kingdom-bad; L11593:gamtat-sia=deed-evil
gan-an	2	L13480:gan-an=possess-?; L13511:gan-an=possess-ERG
gawp	3	L10004:gawp=all; L10422:gawp=break; L11599:gawp=trample
geelna	2	L7942:geel-na=plan-NMLZ; L9787:geelna=way
gentel	2	L8574:gen-tel=speak-help; L11603:gen-tel=speak-understand
genthuah	3	L8601:gen-thuah=speak-?; L8992:gen-thuah=speak-?; L9096:gen-thuah=speak-add
gitlohna	2	L7514:git-loh-na=hate-NEG-NMLZ; L9761:gitlohna=wickedness
golpi	2	L9077:gol-pi=round-big; L15219:gol-pi=grow-big
golpite	2	L12395:gol-pi-te=whale-great-PL; L15220:gol-pi-te=grow-big-PL
gu-kha	2	L14351:gu-kha=leg-?; L14396:gu-kha=leg-bone
guaktangun	2	L16520:guak-tang-un=?-rise-IMP; L16770:guak-tang-un=naked-rise-IMP
guallel	2	L8932:gual-lel=friend-?; L8950:gual-lel=friend-return
gukha	2	L14350:gu-kha=leg-?; L14395:gu-kha=leg-bone
gukte	3	L8470:guk-te=almond-PL; L13105:guk-te=bowl-PL; L13518:guk-te=lice-PL
gulpi	3	L12650:gul-pi=serpent-great; L13506:gul-pi=serpent-big; L15059:gulpi=dragon
haksapi	2	L10572:hak-sa-pi=heavy-flesh-great; L12556:hak-sa-pi=difficult-PAST-great
hangte	2	L9861:hang-te=stallion-PL; L13539:hang-te=reason-PL
hanthotna	3	L8686:han-thot-na=follow-?-NMLZ; L9189:han-thot-na=follow-?-NMLZ; L9258:han-thot-na=follow-tie-NMLZ
hauh	2	L8734:hauh=rich.PL; L10390:hauh=grasp
hauhna	2	L7563:hauh-na=shout-NMLZ; L9793:hauhna=riches
hawmguak	2	L11375:hawm-guak=empty-?; L11456:hawm-guak=hand-empty
hawmpi	2	L11012:hawm-pi=arrange-great; L13453:hawm-pi=join-big
hazatna	2	L8542:ha-zat-na=hot-?-NMLZ; L9179:hazat-na=jealousy-NMLZ
hehnepna	3	L8860:heh-nep-na=angry-?-NMLZ; L8876:heh-nep-na=angry-?-NMLZ; L8936:heh-nep-na=angry-soft-NMLZ
hei	2	L10626:hei=path; L11577:hei=mock
henhan	3	L9126:hen-han=be-?; L9548:hen-han=be-?; L10016:hen-han=spread-spread
hihlo	2	L11535:hi-hlo=be-NEG; L14761:hih-lo=this-NEG
hihloh	2	L10242:hi-hloh=be-NEG; L14760:hih-loh=this-NEG.NOM
hihna	2	L7714:hih-na=this-NMLZ; L13440:hih-na=be-NMLZ
hilhial	2	L16705:hilh-ial=teach-?; L16788:hilh-ial=teach-spread
hinapi-in	2	L7422:hi-na-pi-in=be-?-big-ERG; L7550:hi-na-pi-in=be-NMLZ-big-ERG
hingkhawi	2	L8717:hing-khawi=live-?; L9098:hing-khawi=live-let
hoihzaw	2	L7484:hoih-zaw=good-more; L12872:hoih-zaw=well-more
hol-am	2	L14286:hol-am=south-?; L14380:hol-am=south-ward
holam	2	L14285:hol-am=south-?; L14379:hol-am=south-ward
honpite	2	L7929:hon-pi-te=flock-big-PL; L11330:hon-pi-te=many-big-PL
honsa	2	L11093:hon-sa=flock-CAUS; L12879:hon-sa=open-PAST
hot	2	L10391:hot=steer; L15887:hot=save
hotkhiatna	2	L7490:hot-khiat-na=?-emerge-NMLZ; L7583:hot-khiat-na=salvation
hual	2	L9924:hual=wave; L10334:hual=bind
huh	3	L7719:huh=blow; L9733:huh=help; L10227:huh=help
husanna	2	L8565:husa-nna=flood-NMLZ; L14738:husanna=hosanna
hut	2	L9445:hut=shelter; L10367:hut=arm
ing	2	L7686:ing=?; L7816:ing=be.able
inndei	3	L7477:inn-dei=house-?; L7579:inn-dei=family; L12864:inn-dei=house-chamber
innkuante	2	L7654:inn-kuan-te=house-household-PL; L13798:inn-kuan-te=house-family-PL
innlam	2	L9201:inn-lam=house-side; L9759:innlam=builder
innliim	2	L8811:inn-liim=house-?; L8835:inn-liim=house-feast
innluahza	2	L9477:inn-luah-za=house-?-?; L9511:inn-luah-za=house-inherit-right
innsun	2	L13370:inn-sun=house-side; L15204:inn-sun=house-shade
inntualah	2	L9505:inn-tu-a-lah=house-?-LOC-?; L9601:inn-tu-a-lah=house-stand-LOC-take
ip	3	L8289:ip=cover; L10410:ip=hold; L15222:ip=sack
kahlei	2	L8207:kahlei=ladder; L13803:kah-lei=behind-earth
kahto-in	2	L8548:ka-hto-in=1SG-ascend-ERG; L14732:kah-to-in=climb-up-ERG
kahtohna	2	L8741:ka-htoh-na=1SG-ascend-NMLZ; L14730:kah-toh-na=climb-up-NMLZ
kahtohpih	2	L14617:ka-htoh-pih=1SG-set-APPL; L14782:kah-toh-pih=climb-up-with
kai	2	L7848:kai=ascend; L10321:kai=dig
kaih	2	L8405:kaih=pull/lead; L10126:kaih=loosen
kaii-in	2	L14357:ka-ii-in=1SG-?-ERG; L14400:ka-ii-in=1SG-go-ERG
kaiiin	2	L14356:ka-ii-in=1SG-?-ERG; L14399:ka-ii-in=1SG-go-ERG
kaikhawmin	3	L8197:kai-khawm-in=gather-together-ERG; L8354:ka-i-khawm-in=1SG-?-gather-ERG; L8967:ka-i-khawm-in=1SG-go-gather-ERG
kaikhia	4	L8390:ka-i-khia=1SG-?-exit; L8437:ka-i-khia=1SG-?-exit; L8968:ka-i-khia=1SG-go-exit; L12831:kai-khia=draw-out
kaikikpah	2	L16840:ka-i-kik-pah=1SG-?-again-exactly; L17000:ka-i-kik-pah=1SG-need-again-exactly
kal	3	L8072:kal=liver; L9695:kal=kidney; L10633:kal=middle
kam	2	L7722:kam=word/mouth; L9721:kam=word
kamciamsa	2	L14615:ka-mciam-sa=1SG-vow-NOM; L14784:kam-ciam-sa=word-promise-PERF
kamkeite	2	L14923:kam-kei-te=word-?-PL; L16440:kam-kei-te=word-1SG-PL
kang	3	L7760:kang=suffer; L9673:kang=gray; L10311:kang=pillar
kangtum	3	L7632:kang-tum=?-all; L7755:kang-tum=brass-all; L10069:kang-tum=burn-all
kansak	2	L13164:kan-sak=dry-CAUS; L14751:kansak=dry.up
kaptuk	2	L14875:kap-tuk=cry-?; L15904:kap-tuk=cry-meet
kauphete	5	L8880:kau-phe-te=call-?-PL; L8940:kau-phe-te=call-?-PL; L9196:kau-phe-te=call-?-PL; L9282:kau-phe-te=call-?-PL; L9322:kauphe-te=locust-PL
kawikawi	2	L7496:kawi-kawi=crooked-RED; L8332:kawi-kawi=forth~forth
kawlsing	2	L8156:kawl-sing=fry-wood; L15195:kawlsing=pomegranate
keek	2	L8467:keek=fire/lightning; L10455:keek=ITER
keel	2	L7682:keel=?; L7745:keel=heel
keelno	2	L8411:keel-no=heel-?/young; L8970:keel-no=heel-young
kehsakkhak	2	L14919:keh-sak-khak=kick-CAUS-?; L16725:keh-sak-khak=kick-CAUS-firm
keising	2	L11467:kei-sing=owl-?; L11510:kei-sing=owl-tree
keivom	3	L11366:kei-vom=wolf-?; L11454:kei-vom=wolf-?; L11509:kei-vom=wolf-male
kekseuna	2	L15041:kek-seu-na=break-?-NMLZ; L16687:kek-seu-na=reverse-search-NMLZ
keng	2	L8027:keng=only; L10797:keng=tree
khahkhong	2	L8725:khah-khong=choke-?; L9101:khah-khong=choke-way
khainiang	2	L8705:khai-niang=hold-young; L9843:khainiang=chain
khak	2	L7537:khak=limit; L10607:khak=lock
kham	2	L7381:kham=forbid; L10767:kham=gather
khangham	2	L7915:khang-ham=generation-full; L13187:khang-ham=generation-old
khangto	2	L8065:khang-to=generation-sit; L12877:khang-to=prevail-up
khapna	2	L8704:khap-na=forbid-NMLZ; L12884:khap-na=pledge-NMLZ
khatpeuh	2	L7439:khat-peuh=one-every; L11312:khat-peuh=one-whosoever
khauhual	2	L8306:khau-hual=cord-bracelet; L8333:khau-hual=string-bracelet
khausai	3	L8669:khau-sai=spirit-?; L9002:khua-sai=spirit-?; L9148:khua-sai=spirit-voice
khawhletzo	2	L14418:khawh-let-zo=sharpen-?-COMPL; L14610:khawh-let-zo=pierce-return-COMPL
khawi	2	L8782:khawi=where; L9917:khawi=flock
khawk	2	L9268:khawk=hollow/empty; L9717:khawk=spirit
khawm	3	L7729:khawm=gather; L10133:khawm=together; L15065:khawm=mingled
khebaite	2	L8610:kheba-i-te=?-?-PL; L9110:khebai-te=foreign-PL
khekna	3	L11084:khek-na=fail-NMLZ; L12557:khek-na=fail-NMLZ; L13464:khek-na=give.in-NMLZ
khenkhit	2	L11808:khen-khit=condemn-finish; L14543:khen-khit=condemn-away
khetphimte	2	L8721:khet-phim-te=?-?-PL; L9481:khet-phim-te=judge-try-PL
khikhe	2	L9224:khi-khe=foot-?; L9580:khi-khe=foot-leg
khongkhai	2	L11295:khong-khai=obey-?; L11320:khong-khai=magic-open
khop	2	L8305:khop=enough; L10408:khop=join
khuaisuahna	2	L16814:khua-i-suah-na=town-?-become-NMLZ; L17001:khua-i-suah-na=town-lack-become-NMLZ
khuaisuahte	2	L16815:khua-i-suah-te=town-?-become-PL; L17002:khua-i-suah-te=town-lack-become-PL
khuamkua	2	L15004:khuam-kua=dream-?; L16245:khuam-kua=village-hole
khuamluzepna	2	L8043:khua-mlu-zep-na=town-head-bow-NMLZ; L9889:khuam-luzep-na=pole-encircle-NMLZ
khuaneute	2	L7683:khua-neu-te=town-small-PL; L12824:khua-neu-te=village-small-PL
khuaphialep	2	L9623:khua-phial-ep=town-wide-?; L9994:khua-phial-ep=sky-flash-lightning
khuasung	2	L7614:khua-sung=town-inside; L12906:khua-sung=village-inside
khutme	2	L8234:khut-me=hand-span; L9801:khutme=finger
ki-em	4	L8652:ki-em=REFL-?; L9162:ki-em=REFL-?; L9266:ki-em=REFL-?; L9292:ki-em=PASS-bake
kidomkaang	2	L14979:kidom-kaang=catch-?; L16541:ki-dom-kaang=REFL-stand-straight
kidona	2	L12603:kidona=sword; L12890:ki-don-a=REFL-war-LOC
kigenna	2	L8275:ki-gen-na=REFL-explain-NMLZ; L14503:ki-gen-na=REFL-speak-NMLZ
kihanthawntawm	2	L16827:ki-han-thawn-tawm=REFL-do-continue-?; L17003:ki-han-thawn-tawm=REFL-do-continue-end
kihhuai	2	L9893:ki-hhuai=REFL-abominate; L14724:ki-huai=REFL-abominate
kihhuaina	3	L8897:ki-hhuai-na=REFL-dread-NMLZ; L9892:kihhuai-na=abominate-NMLZ; L14725:ki-huai-na=REFL-abominate-NMLZ
kihhuainate	2	L9891:kihhuaina-te=abomination-PL; L14727:ki-huai-na-te=REFL-abominate-NMLZ-PL
kihhuaite	2	L9639:ki-hhuai-te=REFL-abominate-PL; L14726:ki-huai-te=REFL-abominate-PL
kihtakhuai	2	L7932:kihtak-huai=dread-causing; L14770:kih-takhuai=abhor-despise
kikhamvalte	2	L16593:ki-kham-val-te=REFL-prevent-?-PL; L16830:ki-kham-val-te=REFL-prevent-left-PL
kikoih	2	L7622:ki-koih=REFL-put; L9687:kikoih=foundation
kilatna	2	L8858:ki-lat-na=REFL-?-NMLZ; L8875:ki-lat-na=REFL-strong-NMLZ
kilkel	2	L10525:ki-lkel=REFL-leave; L14749:kil~kel=clear~RED
kima-sialh	2	L14290:ki-ma-sialh=REFL-face-?; L14382:ki-ma-sialh=REFL-face-shame
kimangngilh	3	L8867:ki-mang-ngilh=REFL-forget-?; L8877:ki-mang-ngilh=REFL-forget-?; L8937:ki-mang-ngilh=REFL-chief-forget
kimasialh	2	L14289:ki-ma-sialh=REFL-face-?; L14381:ki-ma-sialh=REFL-face-shame
kingaihna	2	L7175:ki-ngaih-na=REFL-desire-NMLZ; L14694:ki-ngaih-na=REFL-love-NMLZ
kiphasakte	3	L8268:ki-phasa-te=REFL-bless-PL; L12668:ki-pha-sak-te=REFL-save-CAUS-PL; L13466:ki-pha-sak-te=REFL-good-CAUS-PL
kipsakna	3	L8892:ki-psa-kna=REFL-?-NMLZ; L8945:ki-psak-na=REFL-bless-NMLZ; L14719:kip-sak-na=firm-CAUS-NMLZ
kipsaknate	2	L13372:ki-psak-na-te=REFL-ledge-NMLZ-PL; L14722:kip-sak-na-te=firm-CAUS-NMLZ-PL
kipsuak	2	L10664:ki-psuak=REFL-take; L14763:kip-suak=firm-become
kipte	2	L7568:kip-te=?-PL; L7612:kip-te=edge-PL
kisa	2	L9905:kisa=proud; L12873:ki-sa=REFL-PAST
kisukha	4	L10864:ki-suk-ha=REFL-pollute-CAUS; L13108:ki-suk-ha=REFL-defile-already; L13467:ki-suk-ha=REFL-move-PERF; L13547:ki-suk-ha=REFL-move-out
kithakhauhsak	2	L12595:ki-tha-kauh-sak=REFL-strength-strong-CAUS; L14475:ki-thak-hauh-sak=REFL-new-strong-CAUS
kizem	2	L12908:ki-zem=REFL-twine; L13235:ki-zem=REFL-weave
koihpa	3	L11722:koih-pa=place-NMLZ.M; L13192:koih-pa=set-NMLZ; L13208:koih-pa=put-NMLZ
kongpuankhai	4	L8785:kong-puan-khai=1SG→3-carry-?; L8828:kong-puan-khai=1SG→3-cloth-?; L9480:kong-puan-khai=1SG→3-cloth-?; L10022:kong-puan-khai=door-cloth-hang
kopte	2	L13104:kop-te=knop-PL; L13516:kop-te=frog-PL
kuangdai	3	L8424:kuang-dai=trough-?; L8972:kuang-dai=trough-large; L9943:kuang-dai=container-flat
kumpinu	2	L7812:kumpi-nu=king-mother; L11314:kumpi-nu=king-female
kungte	2	L7633:kung-te=trunk-PL; L13541:kung-te=tree-PL
lai-at	2	L7993:lai-at=middle-?; L8134:lai-at=middle-LOC
laimal	2	L12309:lai-mal=writing-?; L13060:lai-mal=book-plain
lakhia	2	L7592:lak-khia=take-exit; L7877:la-khia=take-out
lam-an	2	L13481:lam-an=way-?; L13512:lam-an=way-ERG
lametna	2	L7618:lam-et-na=way-?-NMLZ; L7747:lam-et-na=path-example-NMLZ
lamun	2	L12752:la-mun=garment-cover; L13114:lam-un=direction-3PL
langpangte	3	L8388:lang-pang-te=side-?-PL; L8436:lang-pang-te=side-?-PL; L8976:lang-pang-te=side-board-PL
lawp	2	L9235:lawp=lap; L10580:lawp=shake
le-uhcin	2	L7751:le-uh-cin=also-PL-even; L10875:le-uh-cin=and-PL-COND
leenggah	3	L7743:leeng-gah=grape-cluster; L7809:leeng-gah=grape-fruit; L9815:leenggah=grape
leengpei	2	L8993:leeng-pei=chariot-?; L9097:leeng-pei=chariot-wheel
leibat	2	L11554:leibat=debt; L15983:lei-bat=debt-bind
leibatna	2	L11553:leibat-na=debt-NMLZ; L15982:lei-bat-na=debt-bind-NMLZ
leitang	3	L7184:lei-tang=land-?; L7370:lei-tang=land-earth; L7704:lei-tang=land-earth
lel	2	L9773:lel=desperate; L10457:lel=change
liah	2	L10381:liah=circuit; L11552:liah=lick/dwell
liammate	3	L9382:liam-ma-te=wound-?-PL; L9549:liam-ma-te=wound-?-PL; L9710:liamma-te=wound-PL
liangko	4	L7927:liangko=shoulder; L10027:liangko=shoulder; L12810:liang-ko=shoulder-both; L13198:liang-ko=shoulder-both
liangkoah	5	L10026:liangko-ah=shoulder-LOC; L12910:liang-ko-ah=shoulder-both-LOC; L12994:liang-ko-ah=shoulder-both-LOC; L13199:liang-ko-ah=shoulder-both-LOC; L13819:liang-ko-ah=shoulder-both-LOC
lianpipi	2	L8554:lian-pi-pi=big-big-big; L9771:lianpipi=great
liim	2	L10600:liim=wing; L13243:liim=shadow
limlang	2	L9521:lim-lang=image-reflect; L15841:limlang=mirror
lingsa	2	L11207:ling-sa=fear-CAUS; L12868:ling-sa=tremble-PAST
lite	3	L7764:li-te=four-PL; L13106:li-te=four-PL; L13520:li-te=river-PL
lokho	2	L9239:lo-kho=able.NEG-?; L9875:lokho=farmer
lonona	2	L7478:lo-no-na=NEG-?-NMLZ; L7580:lo-no-na=disobedience
lua	2	L7608:lua=exceed; L10343:lua=excessive
luai	2	L11199:lua-i=exceed-?; L11318:luai=pillar
luh	2	L8608:luh=head/enter; L10000:luh=smite
lui	3	L7511:lui=river; L10217:lui=old; L10551:lui=tell
lumlet	2	L8755:lum-let=warm-return; L11629:lumlet=overturn
lungdamkohna	2	L8682:lungdam-koh-na=rejoice-?-NMLZ; L9156:lungdam-koh-na=rejoice-call-NMLZ
lungkhamna	2	L7556:lung-kham-na=heart-anxiety-NMLZ; L9791:lungkhamna=tribulation
lungmang	2	L8924:lung-mang=heart-forget; L11747:lungmang=dismay
lungso	4	L15903:lung-so=heart-?; L16412:lung-so=heart-?); L16700:lung-so=heart-?; L16887:lung-so=heart-hot
lungsosa	3	L16418:lung-so-sa=heart-?-already; L16701:lung-so-sa=heart-?-already; L16888:lung-so-sa=heart-hot-already
lungzin	2	L9955:lung-zin=heart-shadow; L13186:lung-zin=heart-bright
lutang	2	L7481:lu-tang=head-?; L7582:lu-tang=pillow
ma-un	2	L8544:ma-un=that-?; L9166:ma-un=that-time
maang	2	L10756:maang=vision; L15814:maang=dim
madawk	2	L12842:ma-dawk=that-morrow; L15113:madawk=edge
mak	2	L9129:mak=mark; L10223:mak=divorce
makaite	2	L7569:makai-te=leader-PL; L14508:makai-te=chief-PL
mangbuhham	2	L8138:mangbuh-ham=barley-?; L8196:mangbuh-ham=barley-wheat
mante	2	L9579:man-te=true-PL; L13572:man-te=price-PL
masala	2	L15237:masala=cummin; L15837:masala=fitches
mavan	2	L15239:ma-van=NEG-empty; L15906:mavan=wonder
mawhsakna	2	L7655:mawh-sak-na=err-CAUS-NMLZ; L9903:mawh-sak-na=sin-CAUS-NMLZ
meidawi	2	L10354:mei-dawi=fire-fear; L15068:meidawi=feeble.minded
mengme	2	L16717:meng-me=dream-?; L16899:meng-me=dream-slumber
miksite	2	L14917:mik-si-te=eye-?-PL; L15825:miksi-te=ant-PL
milipun	2	L9330:mi-li-pun=person-?-bundle; L9478:mi-lipun=person-bundle
minamte	2	L7708:mi-nam-te=person-kind-PL; L9175:mi-nam-te=person-tribe-PL
minthanna	2	L7454:min-than-na=name-bless-NMLZ; L11656:minthan-na=glory-NMLZ
miphak	2	L9345:mi-phak=person-half; L9835:miphak=leper
mipi	2	L10252:mi-pi=person-great; L13827:mi-pi=person-big
mit-hah	2	L14309:mit-hah=eye-?; L14372:mit-hah=eye-blind
mithagol	3	L9769:mithagol=giant; L11411:mitha-gol=giant-?; L11489:mitha-gol=person-giant
mithah	2	L14308:mit-hah=eye-?; L14371:mit-hah=eye-blind
momai	2	L10622:mo-mai=dry-without; L15080:momai=scorpion
mongte	3	L10946:mong-te=end-PL; L13107:mong-te=end-PL; L13523:mong-te=throat-PL
mualbo	2	L11238:mual-bo=see-round; L13448:mual-bo=hill-tower
mualpang	2	L8763:mual-pang=hill-?; L8826:mual-pang=hill-side
mudah	2	L7591:mu-dah=see-?; L7744:mu-dah=see-easy
muhdahhuai	3	L8145:muhdah-huai=trouble-worthy; L13070:muh-dah-huai=see-hate-mix; L13216:muh-dah-huai=smell-bad-hateful
muk	2	L8174:muk=kiss; L9747:muk=lip
mukha	2	L8806:mu-kha=see.I-?; L8834:mu-kha=see.I-place
mul	2	L8164:mul=hair; L10130:mul=full
munte	2	L7787:mun-te=place-PL; L12821:mun-te=spot-PL
mut	3	L8589:mut=see.I.SHORT; L10095:mut=blow; L11743:mut=blow
naksiat	2	L14623:na-ksiat=2SG-fall; L14773:naksiat=ruin
nam	2	L10138:nam=nation; L10721:nam=kiss
namsau	3	L7711:nam-sau=long.hair; L9881:namsau=knife; L14858:nam-sau=sword-long
namtui	2	L7594:nam-tui=kind-water; L9833:namtui=perfume
napiun	2	L12911:na-pi-un=2PL-great-3PL; L13820:napi-un=but-PL.IMP
natna	2	L7353:nat-na=ill-NMLZ; L9785:natna=disease
naungek	2	L7642:nau-ngek=child-small; L13178:nau-ngek=child-birth
naupaii	2	L8514:nau-paii=child-?; L8983:nau-paii=child-row
naupangnote	2	L8852:nau-pang-no-te=child-?-young-PL; L9193:nau-pang-no-te=child-side-young-PL
nawhsa	2	L10889:nawh-sa=hurry-CAUS; L12822:nawh-sa=unleavened-PAST
nawk	2	L7836:nawk=again; L10003:nawk=overtake
nawlkhin	2	L13814:nawl-khin=law-?; L14411:nawl-khin=way-knowledge
nawt	3	L8921:nawt=2SG.?; L8948:nawt=push; L10741:nawt=smooth
nazat	2	L8127:na-zat=2SG-hear; L13209:na-zat=hand-work
nazatte	2	L8126:na-zat-te=2SG-hear-PL; L13193:na-zat-te=2SG-work-PL
neih	2	L7375:nei-h=have-NOM; L10463:neih=have
neikha	2	L11664:nei-kha=have-?; L11764:nei-kha=have-NEG
nem	2	L8492:nem=soft; L10803:nem=comfort
nengniam	3	L8153:neng-niam=stranger-oppress; L9755:nengniam=oppressor; L13211:neng-niam=stranger-oppress
nengniamte	2	L9754:nengniam-te=oppressor-PL; L11313:neng-niam-te=oppress-low-PL
netum	2	L8209:ne-tum=eat-full; L15964:netum=young.woman
ngaihno	2	L7838:ngaih-no=love-INT; L7933:ngaih-no=think-lovingly
ngat	2	L10178:ngat=opposite; L10781:ngat=time
ngia	2	L9082:ngia=watch; L9789:ngia=field
ngimna	2	L7223:ngim-na=think-NMLZ; L9745:ngimna=imagination
niam	3	L9583:niam=lowly; L10154:niam=bow; L11730:niam=low
niamkhiat	2	L8665:niam-khiat=low-depart; L11702:niamkhiat=humble
nihna	2	L7468:nih-na=two-NMLZ; L12816:nih-na=second-NMLZ
nilh	2	L7669:nilh=wipe; L10033:nilh=anoint
niliim	2	L8817:ni-liim=day-?; L8837:ni-liim=day-feast
nip	2	L12131:nip=rotten; L15902:nip=pinch
nitak	2	L7466:ni-tak=day-exact; L13910:ni-tak=sun-set
nitak-an	2	L13880:ni-tak-an=day-true-time; L13912:ni-tak-an=sun-set-time
nopsakna	2	L7617:nop-sak-na=want-CAUS-NMLZ; L9921:nopsak-na=restore-NMLZ
noptuam	2	L11416:nop-tuam=stay-?; L11457:nop-tuam=like-desire
nuai	2	L7834:nuai=below; L10648:nuai=under
nulkeusak	2	L15008:nul-keu-sak=push-?-CAUS; L16248:nul-keu-sak=female-unmarried-CAUS
numeino	2	L8629:numei-no=woman-young; L11316:numei-no=woman-DIM
nun	2	L7828:nun=life; L9693:nun=knop
nungtasak	2	L7928:nung-ta-sak=live-?-CAUS; L7997:nungta-sak=live-CAUS
nungzui	2	L7640:nung-zui=life-follow; L13203:nung-zui=back-follow
nungzuite	2	L7728:nung-zui-te=life-follow-PL; L13189:nung-zui-te=back-follow-PL
omkha	3	L8503:om-kha=exist-?; L8980:om-kha=exist-?; L9094:om-kha=exist-detained
ommawk	2	L8427:om-mawk=exist-?; L8974:om-mawk=exist-empty
paaikhia	3	L8499:paa-i-khia=father-?-exit; L8979:paa-i-khia=father-?-exit; L9093:paa-i-khia=go.and-CAUS-exit
paang	2	L8729:paang=father.?; L9161:pa-ang=father-side
pah	2	L7696:pah=do.so; L10015:pah=clear
pahtakhuai	2	L14298:pah-ta-khuai=father-child-?; L14385:pah-ta-khuai=father-child-love
pahtakhuai-in	2	L14299:pah-ta-khuai-in=father-child-?-ERG; L14386:pah-ta-khuai-in=father-child-love-ERG
pahtawi	2	L7843:pah-tawi=do-honor; L14734:pah-tawi=honor-carry
pahtawi-in	2	L9386:pa-htawi-in=male-old.man-ERG; L14736:pah-tawi-in=honor-carry-ERG
pahtawina	2	L7781:pah-tawi-na=do-honor-NMLZ; L13446:pah-tawi-na=feast-sorrow-NMLZ
paikawmin	2	L8667:pai-kawm-in=go-?-ERG; L9108:pai-kawm-in=go-dwell-ERG
paisuk	2	L7280:pai-suk=go-DOWN; L7433:pai-suk=go-CAUS
paito	2	L7278:pai-to=go-UP; L7434:pai-to=go-sit
paizia	2	L9203:pai-zia=go-manner; L11739:paizia=way
pak	3	L7675:pak=?; L7749:pak=divide; L10309:pak=wait
pakan	3	L8481:pa-kan=father-?; L8978:pa-kan=father-?; L9092:pakan=spoon
paktat	3	L7674:pak-tat=?-strike; L7748:pak-tat=divide-strike; L13176:pak-tat=harlot-deal
paktatte	3	L8348:pak-tat-te=respect-?-PL; L8403:pak-tat-te=share-?-PL; L8975:pak-tat-te=share-cut-PL
palikte	3	L8562:pa-lik-te=father-?-PL; L8989:pa-lik-te=father-?-PL; L9099:pa-lik-te=father-ancient-PL
palsat	2	L7846:pal-sat=wall-strike; L9957:palsat=transgress
palsatin	3	L8788:pal-sat-in=?-strike-ERG; L8829:pal-sat-in=?-strike-ERG; L9988:palsat-in=transgress-ERG
palsatkhak	2	L15000:pal-sat-khak=stray-attach-?; L16187:pal-sat-khak=separate-hard-firm
pang	2	L7526:pang=side/small; L9697:pang=branch
panun	3	L7587:pa-nun=father-?; L7611:pa-nun=father-?; L7742:pa-nun=father-life
pataukohna	3	L9489:pa-tau-koh-na=male-?-call-NMLZ; L9544:pa-tau-koh-na=male-?-call-NMLZ; L10028:pataukoh-na=alarm-NMLZ
patna	2	L9197:pa-t-na=father-?-NMLZ; L9287:pat-na=trust-NMLZ
pattahsa	2	L14929:pat-tah-sa=touch-?-PERF; L16443:pat-tah-sa=attach-exact-already
paubaan	2	L11248:pau-baan=speak-?; L11319:pau-baan=speak-true
pawi	2	L7525:pawi=Pawi; L9663:pawi=feast
pawite	2	L8746:paw-i-te=father-?-PL; L9662:pawi-te=feast-PL
pawlkhatte	3	L7522:pawl-khat-te=some-one-PL; L10963:pawl-khatte=group-fifty; L11309:pawl-khat-te=group-one-PL
pawlpi	3	L7584:pawl-pi=group-big; L11323:pawl-pi=group-big; L13204:pawl-pi=group-great
pawlpite	2	L7936:pawl-pi-te=group-big-PL; L13190:pawl-pi-te=group-great-PL
peek	2	L10164:peek=breadth; L10685:peek=spread
peemtate	3	L8309:peem-ta-te=peace-PFV-PL; L8350:peem-ta-te=peace-?-PL; L8402:peem-ta-te=flat-stay-PL
pelmawh	3	L9088:pel-mawh=escape-?; L9514:pel-mawh=praise-?; L10001:pel-mawh=report-evil
phakpa	2	L12796:phak-pa=bare-NMLZ; L13526:phak-pa=able-M
phalvak	2	L9232:phal-vak=permit-?; L9618:phal-vak=permit-quick
phatna	4	L7558:phat-na=praise-NMLZ; L9795:phatna=praise; L13436:phat-na=praise-NMLZ; L13672:phat-na=praise-NMLZ
phial	2	L9995:phial=flash; L10825:phial=morning
phialun	2	L16286:phia-lun=wander-?; L16923:phia-lun=gather-together
phuh	2	L8907:phuh=blow; L10065:phuh=rest
phulakna	2	L8900:phu-lak-na=?-take-NMLZ; L8946:phu-lak-na=carry-take-NMLZ
phulapa	2	L12562:phula-pa=avenger-NMLZ; L13494:phu-la-pa=avenge-NMLZ-M
piakna	3	L7390:piak-na=give.to-NMLZ; L12828:piak-na=give-NMLZ; L13824:piak-na=give.to-NMLZ
pilzaw	2	L11222:pil-zaw=wise-COMP; L13452:pil-zaw=wise-more
puanak	2	L11773:puan-ak=cloth-?; L12990:puan-ak=cloth-put
puanbuk	2	L7479:puan-buk=cloth-?; L7581:puan-buk=tent
puankhai	2	L8893:puan-khai=cloth-lift; L9976:puan-khai=cloth-hang
puanmongteep	2	L9490:puan-mong-teep=cloth-cover-?; L9545:puan-mong-teep=cloth-cover-fringe
puansilh	2	L8460:puan-silh=cloth-wrap; L9938:puan-silh=cloth-wear
puantualpi	2	L7237:puan-tual-pi=cloth-many.colored-big; L7849:puan-tual-pi=cloth-generation-big
puantungsilh	2	L8473:puan-tung-silh=cloth-head-wrap; L9845:puantungsilh=coat
puanza	2	L9495:puan-za=cloth-?; L9547:puan-za=cloth-garment
puksi	3	L9127:puk-si=cave-?; L9393:puk-si=cave-?; L9604:puk-si=cave-die
sala	2	L9504:sa-la=animal-?; L9602:sa-la=flesh-take
salin	2	L7619:sa-lin=meat-?; L7746:sa-lin=meat-hope
samzang	2	L9594:sam-zang=call-?; L10051:sam-zang=throw-INSTR
san	3	L7529:san=flee; L9703:san=garlic; L10270:san=rely
satnen	2	L8633:sat-nen=strike-?; L9001:sat-nen=strike-swallow
satpa	3	L9155:sat-pa=build-father; L13195:sat-pa=smite-NMLZ; L13215:sat-pa=smite-NMLZ
satpuk	2	L9187:sat-puk=strike-fall; L11565:sat-puk=strike-down
savun-um	2	L14284:sa-vun-um=flesh-skin-?; L14376:sa-vun-um=flesh-skin-cover
savunum	2	L14283:sa-vun-um=flesh-skin-?; L14375:sa-vun-um=flesh-skin-cover
sawkin	2	L11518:sa-wkin=flesh-?; L11733:sawk-in=put.hand.into-INST
sawmngate	2	L9661:sawmnga-te=fifty-PL; L13207:sawm-nga-te=ten-five-PL
sawmsim	3	L8549:sawm-sim=ten-count; L9951:sawmsim=conspire; L11543:sawmsim=conspire
sawmsimna	2	L9950:sawmsim-na=conspiracy-NMLZ; L11544:sawmsim-na=conspire-NMLZ
sawt	2	L7826:sawt=long.time; L10044:sawt=long
sazian	2	L8815:sa-zian=meat-?; L8836:sa-zian=meat-roast
sealt	3	L12606:se-alt=beast-island; L12988:se-alt=beast-island; L13830:seal-t=seal-?
seel	3	L9860:seel=hide; L10338:seel=cover; L11627:seel=hide
semsem	2	L7436:sem-sem=serve-RED; L9990:semsem=breathe
semsemna	2	L13071:sem-sem-na=hate-REDUP-NMLZ; L13222:sem-sem-na=divide-REDUP-NMLZ
sepna	2	L7512:sep-na=work-NMLZ; L12814:sep-na=do-NMLZ
siahil	2	L14419:siah-il=wonder-?; L14572:siah-il=wonder-INTNS
sialomtangte	2	L15431:sia-lom-tang-te=evil-want-?-PL; L16444:sia-lom-tang-te=evil-friend-rise-PL
sik-ek	2	L14276:sik-ek=turn-?; L14378:sik-ek=turn-dung
sikek	2	L14275:sik-ek=turn-?; L14377:sik-ek=turn-dung
sikkhau	4	L8561:sik-khau=repent-?; L8988:sik-khau=repent-?; L9095:sik-khau=iron-chain; L9979:sik-khau=tie-rope
sikkol	2	L8841:sik-kol=repent-?; L9182:sik-kol=iron-bind
sikli	2	L11152:sik-li=robe-?; L11317:sikli=cubit
siksanin	2	L8599:sik-san-in=repent-?-ERG; L8991:sik-san-in=repent-high-ERG
sil	2	L8130:sil=flesh/body; L10614:sil=wash
sinna	2	L11233:sin-na=sin-NMLZ; L12907:sin-na=prepare-NMLZ
sisate	2	L13175:si-sa-te=blood-PAST-PL; L13841:si-sa-te=unclean-PAST-PL
sotto	2	L12661:so-tto=go-come; L14765:so~tto=other~RED
suante	2	L7710:suan-te=offspring-PL; L13528:suan-te=descendant-PL
sukham	2	L8235:su-kham=touch-reach; L10046:su-kham=make-grind
ta-khuai	2	L14301:ta-khuai=child-?; L14388:ta-khuai=child-love
taang	2	L10063:taang=beautiful; L10285:taang=time
taanlawhte	2	L14627:taan-lawh-te=lose-?-PL; L14657:taan-lawh-te=lose-away-PL
tagahte	2	L9796:tagah-te=orphan-PL; L13750:ta-gah-te=child-fruit-PL
tahum	2	L12714:ta-hum=enemy-sow; L15816:tahum=tares
tailahpi	2	L14348:tai-lah-pi=flee-?-big; L14393:tai-lah-pi=flee-far-INTENS
tailahpi-in	2	L14349:tai-lah-pi-in=flee-?-big-ERG; L14394:tai-lah-pi-in=flee-far-INTENS-ERG
taina	3	L8341:ta-i-na=stay-?-NMLZ; L8355:ta-i-na=stay-?-NMLZ; L8973:tai-na=stay-NMLZ
taitehte	2	L8885:tai-teh-te=?-measure-PL; L8942:tai-teh-te=cut-measure-PL
takhuai	2	L14300:ta-khuai=child-?; L14387:ta-khuai=child-love
tangguakun	2	L16482:tang-guak-un=rise-?-IMP; L16959:tang-guak-un=rise-naked-IMP
tanglai	2	L9246:tang-lai=generation-middle; L12875:tang-lai=ancient-NMLZ
tatkhiat	2	L11374:tat-khiat=redeem-?; L11455:tat-khiat=ransom-release
tawbo	2	L16462:taw-bo=with-?; L16961:taw-bo=with-buttock
tawm	2	L9743:tawm=produce; L10516:tawm=by
tawnna	2	L12151:tawn-na=reproof-NMLZ; L14501:tawn-na=meet-NMLZ
tawsak	2	L12854:taw-sak=weary-CAUS; L13551:taw-sak=blind-CAUS
te-dildel	2	L14317:te-dil-del=PL-?-?; L14374:te-dil-del=PL-shake-REDUP
tedildel	2	L14316:te-dil-del=PL-?-?; L14373:te-dil-del=PL-shake-REDUP
teek	2	L10147:teek=master; L10560:teek=in.law
teembawte	2	L8483:teem-baw-te=?-?-PL; L8990:teem-baw-te=tent-build-PL
tem	2	L9070:tem=short; L10799:tem=fire
teng	2	L10008:teng=remain; L10332:teng=basket
thahatpa	2	L13099:tha-hat-pa=strength-strong-NMLZ; L13509:tha-hat-pa=strength-strong-M
thahatte	3	L8343:tha-hat-te=strength-hard-PL; L12577:tha-hat-te=strength-strong-PL; L13496:tha-hat-te=strength-strong-PL
thakhauhsak	2	L14474:thak-hauh-sak=new-strong-CAUS; L15831:tha-khauh-sak=strength-strong-CAUS
thalawh	3	L11077:thal-awh=bow-?; L11150:thal-awh=bow-young; L15142:thalawh=bride.price
than	2	L9132:than=charcoal; L9775:than=worm
thangsiah	2	L10322:thang-siah=speak-compose; L11698:thangsiah=deceive
theihna	2	L7387:theih-na=know.II-NMLZ; L9689:theihna=knowledge
theikung	2	L8281:theih-kung=oil-tree; L9926:thei-kung=fruit-tree
theite	2	L7788:thei-te=know.I-PL; L13177:thei-te=fruit-PL
theithei	2	L7873:thei~thei=know.I~RED; L12833:thei-thei=know-REDUP
thongkiate	2	L9438:thong-kia-te=prison-?-PL; L9712:thongkia-te=prison-PL
thuakna	2	L7393:thuak-na=suffer-NMLZ; L12830:thuak-na=afflict-NMLZ
thugente	2	L7398:thugen-te=preacher-PL; L11354:thu-gen-te=word-tell-PL
thuk	4	L7534:thuk=deep; L9671:thuk=deep; L10195:thuk=deep; L10539:thuk=revenge
thukan	2	L8051:thu-kan=word-hold; L11532:thukan=messenger
thukimpih	2	L8050:thu-kim-pih=word-keep-APPL; L15146:thu-kim-pih=word-complete-APPL
thulamlak	2	L11538:thu-lamlak=word-crooked; L15149:thu-lamlak=word-advisor
thumu	2	L8336:thu-mu=word-?; L8356:thu-mu=horn/trumpet
thun	2	L9566:thun=entreat; L10683:thun=press
thungetna	2	L7513:thu-nget-na=word-request-NMLZ; L9899:thu-nget-na=word-pray-NMLZ
thupalsatna	2	L9405:thu-pal-sat-na=word-cross-cut-NMLZ; L9879:thu-palsat-na=word-transgress-NMLZ
tokhom	2	L7448:to-khom=sit-gather; L9930:tokhom=throne
toktol	2	L14895:tok-tol=peck-?; L16427:tok-tol=peck-hit
tomno	2	L8370:tom-no=dwell-?; L8433:tom-no=dwell-young
ton	2	L9415:ton=arrive; L10011:ton=stable
tonu	3	L10012:tonu=mistress; L13191:to-nu=lord-woman; L13205:to-nu=lord-woman
tuakkha	3	L9083:tuak-kha=meet-?; L9361:tuak-kha=meet-?; L9533:tuak-kha=meet-go
tuamtuamte	4	L7684:tuam-tuam-te=different-RED-PL; L13183:tuam-tuam-te=divers-REDUP-PL; L13458:tuam-tuam-te=kind-REDUP-PL; L13839:tuam-tuam-te=various-REDUP-PL
tuan	2	L10210:tuan=ride; L10693:tuan=cut
tuibuah	2	L9483:tui-buah=water-?; L9512:tui-buah=water-pour
tuiciin	2	L8512:tui-ciin=water-?; L8982:tui-ciin=water-pure
tuili	3	L8872:tui-li=water-?; L8938:tui-li=water-flow; L9679:tuili=stream
tupa	2	L12614:tu-pa=son-NMLZ; L13498:tu-pa=grandson-M
tute	2	L8781:tut-e=sleep-?; L8824:tu-te=now-PL
tuutalte	3	L8677:tuut-al-te=hand-?-PL; L9546:tuutal-te=ram-PL; L13534:tuu-tal-te=flock-POSS-PL
tuute	2	L7521:tuu-te=?-PL; L7607:tuu-te=grandchild-PL
uiphukte	2	L8644:ui-phuk-te=dog-?-PL; L9000:ui-phuk-te=dog-wild-PL
ukte	2	L7413:uk-te=rule-PL; L8330:uk-te=tent-PL
umgui	2	L11118:um-gui=shade-?; L11321:um-gui=be-gourd
upadi	2	L9302:upa-di=elder-?; L9323:upa-di=elder-manner
vah	2	L8908:vah=go.and.?; L8947:vah=go.quickly
vaihawm	2	L7657:vai-hawm=?-smell; L7763:vai-hawm=plan-counsel
vaihawmna	4	L8351:va-i-hawm-na=go-?-together-NMLZ; L8432:va-i-hawm-na=go-?-together-NMLZ; L8969:vai-hawm-na=go-together-NMLZ; L9895:vai-hawm-na=plan-counsel-NMLZ
vaikhak	4	L8028:va-i-khak=go.and-?-approach; L8322:va-i-khak=go-?-command; L8431:va-i-khak=go-?-command; L8966:vai-khak=go-command
vakhuno	2	L8726:va-khu-no=go.and-?-young; L9102:va-khu-no=go.and-spirit-young
val	3	L8171:val=go.quickly; L10186:val=pour; L10768:val=basket
vanging	3	L8372:vang-ing=strength-?; L8434:vang-ing=strength-?; L8984:vang-ing=strength-INS
vanglian	3	L7651:vang-lian=power-big; L9660:vanglian=mighty; L11570:vanglian=almighty
vangliatna	2	L7172:vangliat-na=strong-NMLZ; L10081:vang-liat-na=glory-power-NMLZ
vankah	2	L11115:van-kah=spirit-?; L11412:van-kah=sky-wizard
vankhainate	3	L8649:van-khai-na-te=heaven-?-NMLZ-PL; L9100:van-khai-na-te=sky-?-NMLZ-PL; L9163:van-khai-na-te=sky-open-NMLZ-PL
vanmanpha	2	L8507:van-manpha=go.and-precious; L9885:vanmanpha=treasure
vasakalaohte	2	L13046:va-sa-kalaoh-te=bird-meat-INTERJ-PL; L14295:va-sa-kala-oh-te=bird-flesh-owl-type-PL
vatawt	2	L11114:va-tawt=go.and-?; L11409:vatawt=owl
vawh	2	L7236:vawh=name; L10024:vawh=arise
zahko	3	L8160:zah-ko=despise-curse; L9953:zah-ko=shame-have; L12869:zah-ko=gather-grapes
zahtakna	2	L7629:zah-tak-na=fear-exact-NMLZ; L13439:zahtak-na=fear-NMLZ
zai	2	L7835:zai=song; L10485:zai=thing
zal	2	L8288:zal=spread; L10100:zal=shake
zanglei	2	L8339:zang-lei=use-buy; L12812:zang-lei=east-field
zanthapai	2	L11111:zan-tha-pai=night-new-go; L12892:zan-tha-pai=night-weary-appoint
zaptelsak	2	L14845:zap-tel-sak=flutter-?-CAUS; L16569:zap-tel-sak=pinch-join-CAUS
zaptelte	2	L14844:zap-tel-te=flutter-?-PL; L15294:zaptel-te=swift-PL
zatval	2	L16601:zat-val=use-?; L16991:zat-val=use-left.over
zawlta	2	L11108:zawl-ta=valley-?; L11197:zawl-ta=valley-from
zawng	3	L7827:zawng=all; L9825:zawng=poor; L10037:zawng=lack
zawt	3	L9462:zawh-t=finish-?; L9600:zawh-t=strong-?; L9991:zawt=weary
ziazua	2	L10984:zia-zua=clear-?; L11096:zia-zua=sun-clear
zin	2	L7753:zin=journey; L9705:zin=sojourner
zinei	3	L9319:zi-nei=wife-have; L10144:zinei=marry; L15078:zi-nei=wife-have
zonna	2	L10892:zon-na=seek-NMLZ; L14205:zo-na=finish-NMLZ
zuauna	2	L10287:zuau-na=lie-NMLZ; L14445:zuau-na=vain-NMLZ
zuautat	2	L8878:zuau-tat=prepare-?; L8939:zuau-tat=prepare-strike
zuih	2	L7535:zui-h=follow-NOM; L10302:zuih=hang
zuihna	2	L7656:zuih-na=follow.II-NMLZ; L12886:zuih-na=turn-NMLZ
zuikha	2	L9466:zui-kha=follow-?; L9531:zui-kha=follow-go
zumhuaina	2	L11103:zum-huai-na=filth-bad-NMLZ; L14181:zum-huai-na=trust-full-NMLZ
zumhuaipi	2	L10920:zum-huai-pi=filth-bad-great; L12555:zum-huai-pi=unclean-mix-great
